﻿MovieName,Genre,Rating,Votes,Duration
1. Mahavatar Narsimha,Action,9.1, (33K),2h 10m
2. Relay,Action,7.2, (1.7K),1h 52m
3. Freaky Tales,Action,6.3, (12K),1h 47m
4. Dune: Part Two,Action,8.5, (661K),2h 46m
5. Gladiator II,Action,6.5, (271K),2h 28m
6. The Beekeeper,Action,6.3, (167K),1h 45m
7. The Ministry of Ungentlemanly Warfare,Action,6.8, (144K),2h 2m
8. Deadpool & Wolverine,Action,7.5, (524K),2h 8m
9. Drive-Away Dolls,Action,5.4, (25K),1h 24m
10. Carry-On,Action,6.5, (178K),1h 59m
11. William Tell,Action,5.7, (4.8K),2h 14m
12. Furiosa: A Mad Max Saga,Action,7.5, (299K),2h 28m
13. Rebel Ridge,Action,6.8, (95K),2h 11m
14. Kraven the Hunter,Action,5.5, (71K),2h 7m
15. Twisters,Action,6.5, (182K),2h 2m
16. Kingdom of the Planet of the Apes,Action,6.8, (159K),2h 25m
17. Civil War,Action,7.0, (250K),1h 49m
18. The Fall Guy,Action,6.8, (233K),2h 6m
19. Sonic the Hedgehog 3,Action,6.9, (70K),1h 50m
20. Road House,Action,6.2, (174K),2h 1m
21. The Unholy Trinity,Action,5.5, (3.2K),1h 35m
22. Venom: The Last Dance,Action,6.0, (138K),1h 50m
23. The Count of Monte-Cristo,Action,7.6, (40K),2h 58m
24. The Union,Action,5.5, (55K),1h 47m
25. Borderlands,Action,4.7, (52K),1h 41m
26. Old Guy,Action,5.2, (4.1K),1h 34m
27. 40 Acres,Action,6.5, (3.5K),1h 53m
28. Abigail,Action,6.5, (103K),1h 49m
29. Fight or Flight,Action,6.4, (18K),1h 42m
30. Madame Web,Action,4.1, (106K),1h 56m
31. Argylle,Action,5.6, (96K),2h 19m
32. Elevation,Action,5.6, (26K),1h 31m
33. Red One,Action,6.3, (145K),2h 3m
34. Land of Bad,Action,6.6, (55K),1h 53m
35. Bad Boys: Ride or Die,Action,6.5, (105K),1h 55m
36. Transformers One,Action,7.6, (58K),1h 44m
37. Monkey Man,Action,6.8, (96K),2h 1m
38. Maharaja,Action,8.4, (73K),2h 21m
39. Arcadian,Action,5.5, (25K),1h 32m
40. Godzilla x Kong: The New Empire,Action,6.0, (127K),1h 55m
41. Azrael,Action,5.3, (13K),1h 26m
42. Damsel,Action,6.1, (113K),1h 50m
43. Beverly Hills Cop: Axel F,Action,6.4, (84K),1h 58m
44. The Crow,Action,4.7, (38K),1h 51m
45. River of Blood,Action,4.8, (2.4K),1h 26m
46. Cloud,Action,6.4, (2.4K),2h 4m
47. The Lord of the Rings: The War of the Rohirrim,Action,6.3, (35K),2h 14m
48. Kung Fu Panda 4,Action,6.3, (73K),1h 34m
49. The Killer,Action,5.7, (15K),2h 6m
50. The Instigators,Action,6.2, (40K),1h 41m
