﻿MovieName,Genre,Rating,Votes,Duration
1. Freaky Tales,Adventure,6.3, (12K),1h 47m
2. Dune: Part Two,Adventure,8.5, (661K),2h 46m
3. Gladiator II,Adventure,6.5, (271K),2h 28m
4. Deadpool & Wolverine,Adventure,7.5, (524K),2h 8m
5. The Wild Robot,Adventure,8.2, (194K),1h 42m
6. Furiosa: A Mad Max Saga,Adventure,7.5, (299K),2h 28m
7. Sketch,Adventure,7.1, (1.9K),1h 33m
8. Kraven the Hunter,Adventure,5.5, (71K),2h 7m
9. Twisters,Adventure,6.5, (182K),2h 2m
10. Kingdom of the Planet of the Apes,Adventure,6.8, (159K),2h 25m
11. Flow,Adventure,7.9, (92K),1h 25m
12. Sonic the Hedgehog 3,Adventure,6.9, (70K),1h 50m
13. The Unholy Trinity,Adventure,5.5, (3.2K),1h 35m
14. Venom: The Last Dance,Adventure,6.0, (138K),1h 50m
15. The Count of Monte-Cristo,Adventure,7.6, (40K),2h 58m
16. Moana 2,Adventure,6.5, (115K),1h 40m
17. Borderlands,Adventure,4.7, (52K),1h 41m
18. Mufasa: The Lion King,Adventure,6.6, (75K),1h 58m
19. Inside Out 2,Adventure,7.5, (230K),1h 36m
20. The Return,Adventure,6.2, (12K),1h 56m
21. Red One,Adventure,6.3, (145K),2h 3m
22. Despicable Me 4,Adventure,6.2, (71K),1h 34m
23. Bad Boys: Ride or Die,Adventure,6.5, (105K),1h 55m
24. Ghostbusters: Frozen Empire,Adventure,6.1, (98K),1h 55m
25. Transformers One,Adventure,7.6, (58K),1h 44m
26. Paddington in Peru,Adventure,6.6, (29K),1h 46m
27. Godzilla x Kong: The New Empire,Adventure,6.0, (127K),1h 55m
28. Damsel,Adventure,6.1, (113K),1h 50m
29. River of Blood,Adventure,4.8, (2.4K),1h 26m
30. The Lord of the Rings: The War of the Rohirrim,Adventure,6.3, (35K),2h 14m
31. Kung Fu Panda 4,Adventure,6.3, (73K),1h 34m
32. Spaceman,Adventure,5.7, (45K),1h 47m
33. Attack on Titan the Movie: The Last Attack,Adventure,9.2, (19K),2h 25m
34. Monster Summer,Adventure,5.7, (5.3K),1h 37m
35. Atlas,Adventure,5.6, (58K),1h 58m
36. Uglies,Adventure,4.7, (35K),1h 40m
37. Kalki 2898 AD,Adventure,7.0, (70K),3h
38. Survive,Adventure,4.6, (3.8K),1h 30m
39. The Garfield Movie,Adventure,5.7, (26K),1h 41m
40. Night of the Zoopocalypse,Adventure,6.0, (1.1K),1h 31m
41. Please Don't Feed the Children,Adventure,4.7, (835),1h 34m
42. Arthur the King,Adventure,7.0, (36K),1h 47m
43. Solo Leveling: ReAwakening,Adventure,8.8, (15K),2h 1m
44. The Courier,Adventure,6.0, (4.8K),1h 41m
45. Wallace & Gromit: Vengeance Most Fowl,Adventure,7.5, (38K),1h 22m
46. Megamind vs. The Doom Syndicate,Adventure,2.4, (5.9K),1h 23m
47. Rebel Moon - Part Two: The Scargiver,Adventure,5.3, (61K),2h 2m
48. Descendants: The Rise of Red,Adventure,4.7, (7.6K),1h 35m
49. My Penguin Friend,Adventure,6.8, (6.1K),1h 37m
50. Demon Slayer: Kimetsu No Yaiba - To the Hashira Training,Adventure,7.2, (9.3K),1h 44m
