﻿MovieName,Genre,Rating,Votes,Duration
1. Mahavatar Narsimha,Animation,9.1, (33K),2h 10m
2. The Wild Robot,Animation,8.2, (194K),1h 42m
3. Flow,Animation,7.9, (92K),1h 25m
4. Moana 2,Animation,6.5, (115K),1h 40m
5. Spermageddon,Animation,5.4, (1.9K),1h 20m
6. Mufasa: The Lion King,Animation,6.6, (75K),1h 58m
7. Inside Out 2,Animation,7.5, (230K),1h 36m
8. Despicable Me 4,Animation,6.2, (71K),1h 34m
9. Transformers One,Animation,7.6, (58K),1h 44m
10. IF,Animation,6.4, (61K),1h 44m
11. The Lord of the Rings: The War of the Rohirrim,Animation,6.3, (35K),2h 14m
12. Kung Fu Panda 4,Animation,6.3, (73K),1h 34m
13. Memoir of a Snail,Animation,7.8, (21K),1h 35m
14. Attack on Titan the Movie: The Last Attack,Animation,9.2, (19K),2h 25m
15. The Garfield Movie,Animation,5.7, (26K),1h 41m
16. Night of the Zoopocalypse,Animation,6.0, (1.1K),1h 31m
17. Solo Leveling: ReAwakening,Animation,8.8, (15K),2h 1m
18. Wallace & Gromit: Vengeance Most Fowl,Animation,7.5, (38K),1h 22m
19. Megamind vs. The Doom Syndicate,Animation,2.4, (5.9K),1h 23m
20. Watchmen: Chapter I,Animation,7.1, (7.5K),1h 23m
21. Demon Slayer: Kimetsu No Yaiba - To the Hashira Training,Animation,7.2, (9.3K),1h 44m
22. The Day the Earth Blew Up: A Looney Tunes Movie,Animation,6.8, (7.3K),1h 31m
23. Look Back,Animation,7.8, (17K),58m
24. Orion and the Dark,Animation,6.3, (18K),1h 33m
25. The Remarkable Life of Ibelin,Animation,8.2, (13K),1h 43m
26. Spellbound,Animation,5.5, (8.2K),1h 49m
27. Boys Go to Jupiter,Animation,7.0, (194),1h 30m
28. Mononoke the Movie: The Phantom in the Rain,Animation,6.7, (1.6K),1h 29m
29. The Glassworker,Animation,7.1, (2.1K),1h 38m
30. Harold and the Purple Crayon,Animation,5.7, (9.2K),1h 30m
31. Mars,Animation,6.8, (35),1h 24m
32. Watchmen: Chapter II,Animation,7.1, (3.8K),1h 30m
33. Justice League: Crisis on Infinite Earths - Part One,Animation,6.2, (9.2K),1h 33m
34. Dan Da Dan: First Encounter,Animation,8.2, (3.3K),1h 23m
35. Doraemon the Movie: Nobita's Earth Symphony,Animation,6.6, (1.7K),1h 55m
36. Haikyu!! The Dumpster Battle,Animation,7.7, (6.9K),1h 25m
37. Piece by Piece,Animation,6.9, (6.8K),1h 33m
38. Justice League: Crisis on Infinite Earths - Part Three,Animation,6.1, (5.1K),1h 34m
39. I Am What I Am 2,Animation,7.6, (512),2h 14m
40. Uma Musume: Pretty Derby - Beginning of a New Era,Animation,7.4, (267),1h 48m
41. Buffalo Kids,Animation,6.6, (844),1h 33m
42. White Snake: Afloat,Animation,6.9, (637),2h 13m
43. 200% Wolf,Animation,5.9, (1.4K),1h 38m
44. Hitpig,Animation,5.2, (1.2K),1h 26m
45. My Hero Academia: You're Next,Animation,7.0, (2.9K),1h 50m
46. Crayon Shin-chan: Our Dinosaur Diary,Animation,6.6, (673),1h 46m
47. That Christmas,Animation,6.8, (17K),1h 31m
48. Dragonkeeper,Animation,5.7, (1.9K),1h 38m
49. Ultraman: Rising,Animation,6.9, (6.9K),1h 57m
50. Justice League: Crisis on Infinite Earths - Part Two,Animation,5.6, (5.9K),1h 34m
