﻿MovieName,Genre,Rating,Votes,Duration
1. William Tell,Biography,5.7, (4.8K),2h 14m
2. A Complete Unknown,Biography,7.3, (101K),2h 21m
3. I'm Still Here,Biography,8.2, (118K),2h 17m
4. The Apprentice,Biography,7.1, (63K),2h 2m
5. Saturday Night,Biography,6.9, (35K),1h 49m
6. Better Man,Biography,7.5, (38K),2h 15m
7. Maria,Biography,6.4, (22K),2h 4m
8. Queer,Biography,6.4, (25K),2h 17m
9. Nr. 24,Biography,7.5, (17K),1h 51m
10. Bob Marley: One Love,Biography,6.2, (36K),1h 47m
11. Young Woman and the Sea,Biography,7.5, (18K),2h 9m
12. Scoop,Biography,6.5, (21K),1h 42m
13. Joy,Biography,7.1, (11K),1h 55m
14. Queen of the Ring,Biography,6.3, (2.4K),2h 9m
15. Ordinary Angels,Biography,7.4, (17K),1h 58m
16. Unfrosted,Biography,5.5, (36K),1h 37m
17. Amaran,Biography,8.1, (21K),2h 47m
18. Back to Black,Biography,6.3, (28K),2h 2m
19. The Remarkable Life of Ibelin,Biography,8.2, (13K),1h 43m
20. Reagan,Biography,6.1, (12K),2h 21m
21. Audrey's Children,Biography,7.1, (482),1h 50m
22. Pavements,Biography,7.1, (748),2h 8m
23. Cabrini,Biography,7.3, (9.3K),2h 22m
24. El 47,Biography,7.2, (4.2K),1h 50m
25. Winner,Biography,6.5, (2.9K),1h 43m
26. The Fire Inside,Biography,6.7, (3.2K),1h 49m
27. Monsieur Aznavour,Biography,7.3, (3.2K),2h 13m
28. Bonhoeffer: Pastor. Spy. Assassin.,Biography,6.2, (4.1K),2h 13m
29. Super/Man: The Christopher Reeve Story,Biography,8.0, (11K),1h 44m
30. Midas Man,Biography,6.4, (1.8K),1h 52m
31. Piece by Piece,Biography,6.9, (6.8K),1h 33m
32. Rob Peace,Biography,6.6, (2.4K),2h
33. Race for Glory: Audi vs. Lancia,Biography,5.8, (5.3K),1h 49m
34. Chandu Champion,Biography,7.8, (35K),2h 22m
35. Jim Henson: Idea Man,Biography,7.7, (4K),1h 51m
36. Music by John Williams,Biography,8.2, (5.3K),1h 45m
37. Niki,Biography,6.0, (533),1h 38m
38. Avicii - I'm Tim,Biography,7.7, (7.7K),1h 35m
39. Saint-Exupéry,Biography,5.4, (694),1h 38m
40. Liza: A Truly Terrific Absolutely True Story,Biography,7.5, (572),1h 44m
41. The Bibi Files,Biography,7.6, (1.5K),1h 55m
42. The Beach Boys,Biography,7.1, (2.3K),1h 53m
43. One to One: John & Yoko,Biography,7.3, (802),1h 41m
44. Harbin,Biography,6.2, (1.2K),1h 48m
45. Becoming Madonna,Biography,6.8, (492),1h 31m
46. Goebbels and the Führer,Biography,6.7, (2.9K),2h 15m
47. Riefenstahl,Biography,7.1, (973),1h 55m
48. Limonov: The Ballad of Eddie,Biography,5.9, (1.2K),2h 18m
49. Maidaan,Biography,7.9, (23K),3h 1m
50. I'm Your Venus,Biography,7.1, (561),1h 25m
