﻿MovieName,Genre,Rating,Votes,Duration
1. Anora,Comedy,7.4, (221K),2h 19m
2. Freaky Tales,Comedy,6.3, (12K),1h 47m
3. The Ministry of Ungentlemanly Warfare,Comedy,6.8, (144K),2h 2m
4. Friendship,Comedy,6.9, (20K),1h 40m
5. Deadpool & Wolverine,Comedy,7.5, (524K),2h 8m
6. Drive-Away Dolls,Comedy,5.4, (25K),1h 24m
7. Sketch,Comedy,7.1, (1.9K),1h 33m
8. The Fall Guy,Comedy,6.8, (233K),2h 6m
9. Beetlejuice Beetlejuice,Comedy,6.6, (160K),1h 45m
10. A Real Pain,Comedy,7.1, (112K),1h 30m
11. Sonic the Hedgehog 3,Comedy,6.9, (70K),1h 50m
12. Saturday Night,Comedy,6.9, (35K),1h 49m
13. The Idea of You,Comedy,6.3, (77K),1h 55m
14. Moana 2,Comedy,6.5, (115K),1h 40m
15. Spermageddon,Comedy,5.4, (1.9K),1h 20m
16. The Union,Comedy,5.5, (55K),1h 47m
17. Kinds of Kindness,Comedy,6.5, (63K),2h 44m
18. Challengers,Comedy,7.0, (163K),2h 11m
19. Borderlands,Comedy,4.7, (52K),1h 41m
20. Old Guy,Comedy,5.2, (4.1K),1h 34m
21. Abigail,Comedy,6.5, (103K),1h 49m
22. Riff Raff,Comedy,5.7, (6.2K),1h 43m
23. It's What's Inside,Comedy,6.6, (46K),1h 43m
24. Fight or Flight,Comedy,6.4, (18K),1h 42m
25. Inside Out 2,Comedy,7.5, (230K),1h 36m
26. Mean Girls,Comedy,5.5, (39K),1h 52m
27. Argylle,Comedy,5.6, (96K),2h 19m
28. Red One,Comedy,6.3, (145K),2h 3m
29. Despicable Me 4,Comedy,6.2, (71K),1h 34m
30. Bad Boys: Ride or Die,Comedy,6.5, (105K),1h 55m
31. Ghostbusters: Frozen Empire,Comedy,6.1, (98K),1h 55m
32. IF,Comedy,6.4, (61K),1h 44m
33. Paddington in Peru,Comedy,6.6, (29K),1h 46m
34. My Old Ass,Comedy,6.9, (44K),1h 29m
35. The Friend,Comedy,6.4, (4.2K),1h 59m
36. Miller's Girl,Comedy,5.2, (25K),1h 33m
37. Bob Trevino Likes It,Comedy,7.5, (4K),1h 41m
38. Snack Shack,Comedy,7.0, (14K),1h 52m
39. Fly Me to the Moon,Comedy,6.6, (54K),2h 12m
40. Beverly Hills Cop: Axel F,Comedy,6.4, (84K),1h 58m
41. Get Away,Comedy,5.3, (8.9K),1h 26m
42. Long Distance,Comedy,5.7, (5.4K),1h 26m
43. A Nice Indian Boy,Comedy,7.4, (3.9K),1h 36m
44. Kung Fu Panda 4,Comedy,6.3, (73K),1h 34m
45. Upgraded,Comedy,6.1, (31K),1h 44m
46. Nightbitch,Comedy,5.5, (22K),1h 39m
47. A Different Man,Comedy,6.9, (34K),1h 52m
48. Ricky Stanicky,Comedy,6.2, (59K),1h 53m
49. A Family Affair,Comedy,5.4, (38K),1h 51m
50. The Instigators,Comedy,6.2, (40K),1h 41m
