﻿MovieName,Genre,Rating,Votes,Duration
1. Freaky Tales,Crime,6.3, (12K),1h 47m
2. Longlegs,Crime,6.6, (202K),1h 41m
3. The Beekeeper,Crime,6.3, (167K),1h 45m
4. Carry-On,Crime,6.5, (178K),1h 59m
5. Rebel Ridge,Crime,6.8, (95K),2h 11m
6. The Order,Crime,6.8, (54K),1h 56m
7. Juror #2,Crime,7.0, (112K),1h 54m
8. Wolfs,Crime,6.5, (92K),1h 48m
9. The Unholy Trinity,Crime,5.5, (3.2K),1h 35m
10. Trap,Crime,5.8, (149K),1h 45m
11. MaXXXine,Crime,6.2, (77K),1h 43m
12. Old Guy,Crime,5.2, (4.1K),1h 34m
13. Abigail,Crime,6.5, (103K),1h 49m
14. Riff Raff,Crime,5.7, (6.2K),1h 43m
15. Despicable Me 4,Crime,6.2, (71K),1h 34m
16. Bad Boys: Ride or Die,Crime,6.5, (105K),1h 55m
17. Barron's Cove,Crime,6.0, (733),1h 56m
18. Monkey Man,Crime,6.8, (96K),2h 1m
19. Maharaja,Crime,8.4, (73K),2h 21m
20. The Girl with the Needle,Crime,7.5, (16K),2h 3m
21. Love Lies Bleeding,Crime,6.6, (60K),1h 44m
22. Sleeping Dogs,Crime,6.2, (24K),1h 50m
23. Beverly Hills Cop: Axel F,Crime,6.4, (84K),1h 58m
24. The Crow,Crime,4.7, (38K),1h 51m
25. Emilia Pérez,Crime,5.4, (93K),2h 12m
26. The Menendez Brothers,Crime,7.0, (10K),1h 59m
27. The Instigators,Crime,6.2, (40K),1h 41m
28. Lucky Baskhar,Crime,8.0, (36K),2h 28m
29. The Shadow Strays,Crime,6.5, (10K),2h 24m
30. King Ivory,Crime,6.3, (449),2h 10m
31. Force of Nature: The Dry 2,Crime,5.9, (8.1K),2h
32. The Seed of the Sacred Fig,Crime,7.6, (17K),2h 47m
33. Pushpa: The Rule - Part 2,Crime,6.1, (61K),3h 21m
34. Lift,Crime,5.5, (51K),1h 47m
35. The Thicket,Crime,5.8, (4.5K),1h 48m
36. Please Don't Feed the Children,Crime,4.7, (835),1h 34m
37. The Trainer,Crime,7.0, (73),1h 35m
38. Long Gone Heroes,Crime,5.1, (1.6K),1h 41m
39. Absolution,Crime,5.2, (9.6K),1h 52m
40. The Courier,Crime,6.0, (4.8K),1h 41m
41. Megamind vs. The Doom Syndicate,Crime,2.4, (5.9K),1h 23m
42. Misericordia,Crime,6.8, (3.3K),1h 44m
43. Brothers,Crime,5.4, (14K),1h 29m
44. Greedy People,Crime,6.2, (13K),1h 52m
45. Boneyard,Crime,4.1, (5.5K),1h 36m
46. Beating Hearts,Crime,7.0, (6.6K),2h 46m
47. The Silent Hour,Crime,6.1, (8.9K),1h 39m
48. Armor,Crime,3.6, (5K),1h 29m
49. Dead Mail,Crime,6.0, (2.6K),1h 46m
50. Trigger Warning,Crime,4.6, (20K),1h 46m
