﻿MovieName,Genre,Rating,Votes,Duration
1. Devo,Documentary,7.6, (615),1h 34m
2. The Menendez Brothers,Documentary,7.0, (10K),1h 59m
3. No Other Land,Documentary,8.3, (15K),1h 32m
4. Will & Harper,Documentary,7.4, (13K),1h 54m
5. Satisfied,Documentary,7.7, (18),1h 24m
6. The Remarkable Life of Ibelin,Documentary,8.2, (13K),1h 43m
7. A New Kind of Wilderness,Documentary,7.6, (1.5K),1h 24m
8. Apocalypse in the Tropics,Documentary,7.6, (1.8K),1h 50m
9. Chain Reactions,Documentary,7.2, (137),1h 43m
10. Make It Look Real,Documentary,6.8, (43),1h 18m
11. The Lost Children,Documentary,7.0, (3.1K),1h 36m
12. 2073,Documentary,5.1, (3.5K),1h 25m
13. My Undesirable Friends: Part I - Last Air in Moscow,Documentary,8.0, (26),5h 24m
14. Buy Now! The Shopping Conspiracy,Documentary,6.7, (7.2K),1h 24m
15. Pavements,Documentary,7.1, (748),2h 8m
16. Checkpoint Zoo,Documentary,7.8, (81),1h 43m
17. Golden Opulence: 500 Years of Luxury in Anatolia,Documentary,9.5, (1.6K),50m
18. Super/Man: The Christopher Reeve Story,Documentary,8.0, (11K),1h 44m
19. Andrea Bocelli: Because I Believe,Documentary,7.3, (27),1h 47m
20. Architecton,Documentary,6.4, (554),1h 38m
21. The Last Republican,Documentary,7.5, (82),1h 30m
22. Mistress Dispeller,Documentary,7.0, (182),1h 34m
23. Beatles '64,Documentary,7.2, (2.8K),1h 46m
24. Lover Stalker Killer,Documentary,7.0, (14K),1h 30m
25. Jim Henson: Idea Man,Documentary,7.7, (4K),1h 51m
26. Music by John Williams,Documentary,8.2, (5.3K),1h 45m
27. Behind the Lines,Documentary,8.7, (36),1h 47m
28. The Program,Documentary,7.1, (943),1h 42m
29. Songs from the Hole,Documentary,6.2, (117),1h 37m
30. Soundtrack to a Coup d'Etat,Documentary,7.8, (3.4K),2h 30m
31. Am I Racist?,Documentary,6.6, (17K),1h 40m
32. Avicii - I'm Tim,Documentary,7.7, (7.7K),1h 35m
33. Black Box Diaries,Documentary,7.5, (3.9K),1h 42m
34. Sugarcane,Documentary,7.0, (3.6K),1h 47m
35. Yacht Rock: A Dockumentary,Documentary,7.6, (2.1K),1h 35m
"36. There Was, There Was Not",Documentary,8.3, (133),1h 34m
37. Johatsu: Into Thin Air,Documentary,6.4, (257),1h 26m
38. Liza: A Truly Terrific Absolutely True Story,Documentary,7.5, (572),1h 44m
39. The Bibi Files,Documentary,7.6, (1.5K),1h 55m
40. Billy & Molly: An Otter Love Story,Documentary,8.0, (2.2K),1h 17m
41. What Jennifer Did,Documentary,6.1, (12K),1h 27m
42. The Thinking Game,Documentary,7.6, (381),1h 24m
43. The Beach Boys,Documentary,7.1, (2.3K),1h 53m
44. One to One: John & Yoko,Documentary,7.3, (802),1h 41m
45. The War on Truth,Documentary,8.2, (7),"8.2
 (7)
Rate
Mark as watched"
46. Grand Theft Hamlet,Documentary,6.9, (2.3K),1h 29m
47. Martha,Documentary,7.2, (4.3K),1h 55m
48. Becoming Madonna,Documentary,6.8, (492),1h 31m
49. The Greatest Night in Pop,Documentary,7.9, (15K),1h 36m
50. Vice Is Broke,Documentary,7.2, (33),1h 42m
