﻿MovieName,Genre,Rating,Votes,Duration
1. The Life of Chuck,Drama,7.4, (25K),1h 51m
2. Mahavatar Narsimha,Drama,9.1, (33K),2h 10m
3. The Substance,Drama,7.2, (334K),2h 21m
4. Anora,Drama,7.4, (221K),2h 19m
5. Freaky Tales,Drama,6.3, (12K),1h 47m
6. Babygirl,Drama,5.8, (70K),1h 54m
7. Dune: Part Two,Drama,8.5, (661K),2h 46m
8. Gladiator II,Drama,6.5, (271K),2h 28m
9. On Swift Horses,Drama,6.0, (3.3K),1h 59m
10. The Brutalist,Drama,7.3, (100K),3h 36m
11. William Tell,Drama,5.7, (4.8K),2h 14m
12. A Complete Unknown,Drama,7.3, (101K),2h 21m
13. Conclave,Drama,7.4, (217K),2h
14. Rebel Ridge,Drama,6.8, (95K),2h 11m
15. The Order,Drama,6.8, (54K),1h 56m
16. Juror #2,Drama,7.0, (112K),1h 54m
17. Kingdom of the Planet of the Apes,Drama,6.8, (159K),2h 25m
18. I'm Still Here,Drama,8.2, (118K),2h 17m
19. The Fall Guy,Drama,6.8, (233K),2h 6m
20. Speak No Evil,Drama,6.8, (117K),1h 50m
21. We Live in Time,Drama,7.0, (62K),1h 48m
22. Small Things Like These,Drama,6.7, (29K),1h 38m
23. A Real Pain,Drama,7.1, (112K),1h 30m
24. The Penguin Lessons,Drama,7.1, (7K),1h 51m
25. A Sacrifice,Drama,5.0, (6.2K),1h 34m
26. The Assessment,Drama,6.6, (17K),1h 54m
27. Road House,Drama,6.2, (174K),2h 1m
28. Presence,Drama,6.1, (35K),1h 24m
29. The Apprentice,Drama,7.1, (63K),2h 2m
30. The Unholy Trinity,Drama,5.5, (3.2K),1h 35m
31. It Ends with Us,Drama,6.3, (92K),2h 10m
32. The Count of Monte-Cristo,Drama,7.6, (40K),2h 58m
33. Saturday Night,Drama,6.9, (35K),1h 49m
34. The Last Showgirl,Drama,6.5, (17K),1h 28m
35. The Idea of You,Drama,6.3, (77K),1h 55m
36. Kinds of Kindness,Drama,6.5, (63K),2h 44m
37. September 5,Drama,7.1, (30K),1h 35m
38. Challengers,Drama,7.0, (163K),2h 11m
39. Joker: Folie à Deux,Drama,5.2, (170K),2h 18m
40. Witchboard,Drama,5.7, (454),1h 52m
41. 40 Acres,Drama,6.5, (3.5K),1h 53m
42. Sharp Corner,Drama,5.9, (2.8K),1h 50m
43. Mufasa: The Lion King,Drama,6.6, (75K),1h 58m
44. Parthenope,Drama,6.6, (16K),2h 17m
45. Inside Out 2,Drama,7.5, (230K),1h 36m
46. Megalopolis,Drama,4.7, (38K),2h 18m
47. The Return,Drama,6.2, (12K),1h 56m
48. Caddo Lake,Drama,6.8, (48K),1h 43m
49. A Quiet Place: Day One,Drama,6.3, (160K),1h 39m
50. IF,Drama,6.4, (61K),1h 44m
