﻿MovieName,Genre,Rating,Votes,Duration
1. The Wild Robot,Family,8.2, (194K),1h 42m
2. Sketch,Family,7.1, (1.9K),1h 33m
3. Flow,Family,7.9, (92K),1h 25m
4. Sonic the Hedgehog 3,Family,6.9, (70K),1h 50m
5. Moana 2,Family,6.5, (115K),1h 40m
6. Mufasa: The Lion King,Family,6.6, (75K),1h 58m
7. Inside Out 2,Family,7.5, (230K),1h 36m
8. Despicable Me 4,Family,6.2, (71K),1h 34m
9. Transformers One,Family,7.6, (58K),1h 44m
10. IF,Family,6.4, (61K),1h 44m
11. Paddington in Peru,Family,6.6, (29K),1h 46m
12. Kung Fu Panda 4,Family,6.3, (73K),1h 34m
13. How to Make Millions Before Grandma Dies,Family,7.9, (19K),2h 5m
14. The Garfield Movie,Family,5.7, (26K),1h 41m
15. Night of the Zoopocalypse,Family,6.0, (1.1K),1h 31m
16. Wallace & Gromit: Vengeance Most Fowl,Family,7.5, (38K),1h 22m
17. Meiyazhagan,Family,8.4, (18K),2h 57m
18. Megamind vs. The Doom Syndicate,Family,2.4, (5.9K),1h 23m
19. Descendants: The Rise of Red,Family,4.7, (7.6K),1h 35m
20. Young Hearts,Family,7.9, (6.5K),1h 39m
21. My Penguin Friend,Family,6.8, (6.1K),1h 37m
22. The Day the Earth Blew Up: A Looney Tunes Movie,Family,6.8, (7.3K),1h 31m
23. Girl Haunts Boy,Family,6.3, (3.5K),1h 40m
24. Orion and the Dark,Family,6.3, (18K),1h 33m
25. Spellbound,Family,5.5, (8.2K),1h 49m
26. Harold and the Purple Crayon,Family,5.7, (9.2K),1h 30m
27. The Forge,Family,6.7, (5.4K),2h 4m
28. Woodwalkers,Family,5.1, (810),1h 43m
29. Doraemon the Movie: Nobita's Earth Symphony,Family,6.6, (1.7K),1h 55m
30. Piece by Piece,Family,6.9, (6.8K),1h 33m
31. Bibi Rajni,Family,8.4, (754),2h 23m
32. Buffalo Kids,Family,6.6, (844),1h 33m
33. 200% Wolf,Family,5.9, (1.4K),1h 38m
34. Unsung Hero,Family,7.0, (5.3K),1h 53m
35. Hitpig,Family,5.2, (1.2K),1h 26m
36. Aamar Boss,Family,8.0, (577),2h 19m
37. Crayon Shin-chan: Our Dinosaur Diary,Family,6.6, (673),1h 46m
38. That Christmas,Family,6.8, (17K),1h 31m
39. Ultraman: Rising,Family,6.9, (6.9K),1h 57m
40. A Brother and 7 Siblings,Family,8.1, (1.9K),2h 9m
41. You Gotta Believe,Family,5.8, (1.5K),1h 44m
42. The Thundermans Return,Family,5.0, (2K),1h 10m
43. Big World,Family,7.3, (1.6K),2h 11m
44. Runt,Family,6.4, (619),1h 31m
45. Thelma the Unicorn,Family,5.7, (3.1K),1h 33m
46. Saving Bikini Bottom: The Sandy Cheeks Movie,Family,3.7, (4.2K),1h 22m
47. Der Buchspazierer,Family,7.2, (892),1h 38m
48. Bambi: A Tale of Life in the Woods,Family,5.6, (315),1h 18m
49. Woody Woodpecker Goes to Camp,Family,4.5, (2.7K),1h 40m
50. Dalia and the Red Book,Family,5.9, (183),1h 47m
