﻿MovieName,Genre,Rating,Votes,Duration
1. The Life of Chuck,Fantasy,7.4, (25K),1h 51m
2. Mahavatar Narsimha,Fantasy,9.1, (33K),2h 10m
3. Nosferatu,Fantasy,7.2, (229K),2h 12m
4. Wicked,Fantasy,7.4, (182K),2h 40m
5. Sketch,Fantasy,7.1, (1.9K),1h 33m
6. Beetlejuice Beetlejuice,Fantasy,6.6, (160K),1h 45m
7. Flow,Fantasy,7.9, (92K),1h 25m
8. Sonic the Hedgehog 3,Fantasy,6.9, (70K),1h 50m
9. Moana 2,Fantasy,6.5, (115K),1h 40m
10. Better Man,Fantasy,7.5, (38K),2h 15m
11. Parthenope,Fantasy,6.6, (16K),2h 17m
12. Inside Out 2,Fantasy,7.5, (230K),1h 36m
13. Megalopolis,Fantasy,4.7, (38K),2h 18m
14. Red One,Fantasy,6.3, (145K),2h 3m
15. Ghostbusters: Frozen Empire,Fantasy,6.1, (98K),1h 55m
16. Transformers One,Fantasy,7.6, (58K),1h 44m
17. IF,Fantasy,6.4, (61K),1h 44m
18. The Watchers,Fantasy,5.7, (61K),1h 42m
19. Godzilla x Kong: The New Empire,Fantasy,6.0, (127K),1h 55m
20. Damsel,Fantasy,6.1, (113K),1h 50m
21. The Crow,Fantasy,4.7, (38K),1h 51m
22. The Lord of the Rings: The War of the Rohirrim,Fantasy,6.3, (35K),2h 14m
23. Kung Fu Panda 4,Fantasy,6.3, (73K),1h 34m
24. Nightbitch,Fantasy,5.5, (22K),1h 39m
25. Monster Summer,Fantasy,5.7, (5.3K),1h 37m
26. The Wonderful Story of Henry Sugar and Three More,Fantasy,7.1, (9.5K),1h 28m
27. Uglies,Fantasy,4.7, (35K),1h 40m
28. Kalki 2898 AD,Fantasy,7.0, (70K),3h
29. Went Up the Hill,Fantasy,6.1, (215),1h 40m
30. The Garfield Movie,Fantasy,5.7, (26K),1h 41m
31. Night of the Zoopocalypse,Fantasy,6.0, (1.1K),1h 31m
32. Irish Wish,Fantasy,5.2, (22K),1h 33m
33. Solo Leveling: ReAwakening,Fantasy,8.8, (15K),2h 1m
34. The Master and Margarita,Fantasy,7.1, (5.5K),2h 36m
35. Rebel Moon - Part Two: The Scargiver,Fantasy,5.3, (61K),2h 2m
36. Descendants: The Rise of Red,Fantasy,4.7, (7.6K),1h 35m
37. Demon Slayer: Kimetsu No Yaiba - To the Hashira Training,Fantasy,7.2, (9.3K),1h 44m
38. The Balconettes,Fantasy,5.8, (1.8K),1h 44m
39. Girl Haunts Boy,Fantasy,6.3, (3.5K),1h 40m
40. The End,Fantasy,5.4, (2.6K),2h 28m
41. The Tearsmith,Fantasy,5.2, (13K),1h 43m
42. Orion and the Dark,Fantasy,6.3, (18K),1h 33m
43. Spellbound,Fantasy,5.5, (8.2K),1h 49m
44. Mononoke the Movie: The Phantom in the Rain,Fantasy,6.7, (1.6K),1h 29m
45. Harold and the Purple Crayon,Fantasy,5.7, (9.2K),1h 30m
46. Mars,Fantasy,6.8, (35),1h 24m
47. Tim Travers & the Time Travelers Paradox,Fantasy,5.6, (574),1h 35m
48. Justice League: Crisis on Infinite Earths - Part One,Fantasy,6.2, (9.2K),1h 33m
49. Woodwalkers,Fantasy,5.1, (810),1h 43m
50. Dan Da Dan: First Encounter,Fantasy,8.2, (3.3K),1h 23m
