﻿MovieName,Genre,Rating,Votes,Duration
1. Eden,History,6.4, (13K),2h 9m
2. William Tell,History,5.7, (4.8K),2h 14m
3. I'm Still Here,History,8.2, (118K),2h 17m
4. Small Things Like These,History,6.7, (29K),1h 38m
5. The Apprentice,History,7.1, (63K),2h 2m
6. Saturday Night,History,6.9, (35K),1h 49m
7. September 5,History,7.1, (30K),1h 35m
8. The Return,History,6.2, (12K),1h 56m
9. The Girl with the Needle,History,7.5, (16K),2h 3m
10. The Six Triple Eight,History,6.7, (29K),2h 7m
11. Queer,History,6.4, (25K),2h 17m
12. Harvest,History,6.0, (1K),2h 13m
13. Joy,History,7.1, (11K),1h 55m
14. Blitz,History,6.2, (17K),2h
15. The Children's Train,History,7.4, (8.5K),1h 46m
16. Uprising,History,6.6, (6.2K),2h 6m
17. Unfrosted,History,5.5, (36K),1h 37m
18. Vermiglio,History,6.9, (5.6K),1h 59m
19. The Devil's Bath,History,6.6, (7.1K),2h 1m
20. Reagan,History,6.1, (12K),2h 21m
21. Apocalypse in the Tropics,History,7.6, (1.8K),1h 50m
22. Bonhoeffer: Pastor. Spy. Assassin.,History,6.2, (4.1K),2h 13m
23. Bibi Rajni,History,8.4, (754),2h 23m
24. Chandu Champion,History,7.8, (35K),2h 22m
25. Thangalaan,History,6.5, (6.9K),2h 36m
26. Escape from Germany,History,5.4, (1.1K),1h 37m
27. Saint-Exupéry,History,5.4, (694),1h 38m
28. Grand Tour,History,6.5, (2.3K),2h 9m
29. Liza: A Truly Terrific Absolutely True Story,History,7.5, (572),1h 44m
30. The New Year That Never Came,History,8.1, (5.7K),2h 18m
31. Harbin,History,6.2, (1.2K),1h 48m
32. Becoming Madonna,History,6.8, (492),1h 31m
33. Goebbels and the Führer,History,6.7, (2.9K),2h 15m
34. Limonov: The Ballad of Eddie,History,5.9, (1.2K),2h 18m
35. Before Dawn,History,5.4, (1.2K),1h 41m
36. Maidaan,History,7.9, (23K),3h 1m
37. Accident or Conspiracy: Godhra,History,7.3, (826),2h 13m
38. Being Maria,History,6.1, (937),1h 40m
39. The Flood,History,6.4, (389),1h 41m
40. In the Fire of War,History,6.6, (306),1h 55m
41. The Damned,History,5.4, (985),1h 29m
42. In Her Place,History,6.3, (7.2K),1h 36m
43. The Great Lillian Hall,History,7.3, (2.2K),1h 50m
"44. From Hilde, with Love",History,6.9, (1.3K),2h 5m
45. Bushido,History,6.8, (553),2h 9m
46. 11 Rebels,History,6.2, (893),2h 35m
47. The Last Front,History,5.5, (667),1h 38m
48. Apollo 13: Survival,History,7.4, (2.7K),1h 38m
49. Waves,History,7.8, (2.2K),2h 11m
50. Bir Cumhuriyet Sarkisi,History,7.4, (1.5K),2h 8m
