﻿MovieName,Genre,Rating,Votes,Duration
1. The Substance,Horror,7.2, (334K),2h 21m
2. Nosferatu,Horror,7.2, (229K),2h 12m
3. Alien: Romulus,Horror,7.1, (263K),1h 59m
4. Heretic,Horror,7.0, (183K),1h 51m
5. Longlegs,Horror,6.6, (202K),1h 41m
6. Speak No Evil,Horror,6.8, (117K),1h 50m
7. Beetlejuice Beetlejuice,Horror,6.6, (160K),1h 45m
8. A Sacrifice,Horror,5.0, (6.2K),1h 34m
9. Smile 2,Horror,6.7, (122K),2h 7m
10. Presence,Horror,6.1, (35K),1h 24m
11. Trap,Horror,5.8, (149K),1h 45m
12. Oddity,Horror,6.7, (50K),1h 38m
13. MaXXXine,Horror,6.2, (77K),1h 43m
14. Kinds of Kindness,Horror,6.5, (63K),2h 44m
15. Terrifier 3,Horror,6.3, (54K),2h 5m
16. Witchboard,Horror,5.7, (454),1h 52m
17. Abigail,Horror,6.5, (103K),1h 49m
18. A Quiet Place: Day One,Horror,6.3, (160K),1h 39m
19. The A-Frame,Horror,5.4, (173),1h 22m
20. Don't Move,Horror,5.8, (42K),1h 32m
21. Arcadian,Horror,5.5, (25K),1h 32m
22. The Watchers,Horror,5.7, (61K),1h 42m
23. Salem's Lot,Horror,5.6, (37K),1h 54m
24. Azrael,Horror,5.3, (13K),1h 26m
25. Noise,Horror,5.8, (306),1h 33m
26. The Crow,Horror,4.7, (38K),1h 51m
27. River of Blood,Horror,4.8, (2.4K),1h 26m
28. Get Away,Horror,5.3, (8.9K),1h 26m
29. Bone Lake,Horror,6.8, (71),1h 34m
30. Cloud,Horror,6.4, (2.4K),2h 4m
31. The Damned,Horror,5.7, (6.4K),1h 29m
32. Immaculate,Horror,5.8, (56K),1h 29m
33. The Deliverance,Horror,5.1, (24K),1h 52m
34. Nightbitch,Horror,5.5, (22K),1h 39m
35. Cuckoo,Horror,5.7, (31K),1h 42m
36. Apartment 7A,Horror,5.9, (18K),1h 47m
37. MadS,Horror,6.4, (9.7K),1h 29m
38. Lembayung,Horror,5.9, (821),2h 3m
39. The Rule of Jenny Pen,Horror,6.2, (7.7K),1h 44m
40. Time Cut,Horror,5.0, (21K),1h 31m
41. Night Swim,Horror,4.7, (29K),1h 38m
42. Y2K,Horror,4.8, (17K),1h 31m
43. The First Omen,Horror,6.5, (67K),1h 59m
44. Tarot,Horror,4.8, (34K),1h 32m
45. The Shrouds,Horror,5.8, (5.7K),2h
46. Hellboy: The Crooked Man,Horror,4.5, (15K),1h 39m
47. Monster Island,Horror,5.2, (1.3K),1h 23m
48. Shelby Oaks,Horror,5.4, (362),1h 39m
49. Strange Harvest,Horror,6.6, (422),1h 34m
50. Went Up the Hill,Horror,6.1, (215),1h 40m
