﻿MovieName,Genre,Rating,Votes,Duration
1. Mahavatar Narsimha,Action,9.1, (33K),2h 10m
2. Relay,Action,7.2, (1.7K),1h 52m
3. Freaky Tales,Action,6.3, (12K),1h 47m
4. Dune: Part Two,Action,8.5, (661K),2h 46m
5. Gladiator II,Action,6.5, (271K),2h 28m
6. The Beekeeper,Action,6.3, (167K),1h 45m
7. The Ministry of Ungentlemanly Warfare,Action,6.8, (144K),2h 2m
8. Deadpool & Wolverine,Action,7.5, (524K),2h 8m
9. Drive-Away Dolls,Action,5.4, (25K),1h 24m
10. Carry-On,Action,6.5, (178K),1h 59m
11. William Tell,Action,5.7, (4.8K),2h 14m
12. Furiosa: A Mad Max Saga,Action,7.5, (299K),2h 28m
13. Rebel Ridge,Action,6.8, (95K),2h 11m
14. Kraven the Hunter,Action,5.5, (71K),2h 7m
15. Twisters,Action,6.5, (182K),2h 2m
16. Kingdom of the Planet of the Apes,Action,6.8, (159K),2h 25m
17. Civil War,Action,7.0, (250K),1h 49m
18. The Fall Guy,Action,6.8, (233K),2h 6m
19. Sonic the Hedgehog 3,Action,6.9, (70K),1h 50m
20. Road House,Action,6.2, (174K),2h 1m
21. The Unholy Trinity,Action,5.5, (3.2K),1h 35m
22. Venom: The Last Dance,Action,6.0, (138K),1h 50m
23. The Count of Monte-Cristo,Action,7.6, (40K),2h 58m
24. The Union,Action,5.5, (55K),1h 47m
25. Borderlands,Action,4.7, (52K),1h 41m
26. Old Guy,Action,5.2, (4.1K),1h 34m
27. 40 Acres,Action,6.5, (3.5K),1h 53m
28. Abigail,Action,6.5, (103K),1h 49m
29. Fight or Flight,Action,6.4, (18K),1h 42m
30. Madame Web,Action,4.1, (106K),1h 56m
31. Argylle,Action,5.6, (96K),2h 19m
32. Elevation,Action,5.6, (26K),1h 31m
33. Red One,Action,6.3, (145K),2h 3m
34. Land of Bad,Action,6.6, (55K),1h 53m
35. Bad Boys: Ride or Die,Action,6.5, (105K),1h 55m
36. Transformers One,Action,7.6, (58K),1h 44m
37. Monkey Man,Action,6.8, (96K),2h 1m
38. Maharaja,Action,8.4, (73K),2h 21m
39. Arcadian,Action,5.5, (25K),1h 32m
40. Godzilla x Kong: The New Empire,Action,6.0, (127K),1h 55m
41. Azrael,Action,5.3, (13K),1h 26m
42. Damsel,Action,6.1, (113K),1h 50m
43. Beverly Hills Cop: Axel F,Action,6.4, (84K),1h 58m
44. The Crow,Action,4.7, (38K),1h 51m
45. River of Blood,Action,4.8, (2.4K),1h 26m
46. Cloud,Action,6.4, (2.4K),2h 4m
47. The Lord of the Rings: The War of the Rohirrim,Action,6.3, (35K),2h 14m
48. Kung Fu Panda 4,Action,6.3, (73K),1h 34m
49. The Killer,Action,5.7, (15K),2h 6m
50. The Instigators,Action,6.2, (40K),1h 41m
1. Freaky Tales,Adventure,6.3, (12K),1h 47m
2. Dune: Part Two,Adventure,8.5, (661K),2h 46m
3. Gladiator II,Adventure,6.5, (271K),2h 28m
4. Deadpool & Wolverine,Adventure,7.5, (524K),2h 8m
5. The Wild Robot,Adventure,8.2, (194K),1h 42m
6. Furiosa: A Mad Max Saga,Adventure,7.5, (299K),2h 28m
7. Sketch,Adventure,7.1, (1.9K),1h 33m
8. Kraven the Hunter,Adventure,5.5, (71K),2h 7m
9. Twisters,Adventure,6.5, (182K),2h 2m
10. Kingdom of the Planet of the Apes,Adventure,6.8, (159K),2h 25m
11. Flow,Adventure,7.9, (92K),1h 25m
12. Sonic the Hedgehog 3,Adventure,6.9, (70K),1h 50m
13. The Unholy Trinity,Adventure,5.5, (3.2K),1h 35m
14. Venom: The Last Dance,Adventure,6.0, (138K),1h 50m
15. The Count of Monte-Cristo,Adventure,7.6, (40K),2h 58m
16. Moana 2,Adventure,6.5, (115K),1h 40m
17. Borderlands,Adventure,4.7, (52K),1h 41m
18. Mufasa: The Lion King,Adventure,6.6, (75K),1h 58m
19. Inside Out 2,Adventure,7.5, (230K),1h 36m
20. The Return,Adventure,6.2, (12K),1h 56m
21. Red One,Adventure,6.3, (145K),2h 3m
22. Despicable Me 4,Adventure,6.2, (71K),1h 34m
23. Bad Boys: Ride or Die,Adventure,6.5, (105K),1h 55m
24. Ghostbusters: Frozen Empire,Adventure,6.1, (98K),1h 55m
25. Transformers One,Adventure,7.6, (58K),1h 44m
26. Paddington in Peru,Adventure,6.6, (29K),1h 46m
27. Godzilla x Kong: The New Empire,Adventure,6.0, (127K),1h 55m
28. Damsel,Adventure,6.1, (113K),1h 50m
29. River of Blood,Adventure,4.8, (2.4K),1h 26m
30. The Lord of the Rings: The War of the Rohirrim,Adventure,6.3, (35K),2h 14m
31. Kung Fu Panda 4,Adventure,6.3, (73K),1h 34m
32. Spaceman,Adventure,5.7, (45K),1h 47m
33. Attack on Titan the Movie: The Last Attack,Adventure,9.2, (19K),2h 25m
34. Monster Summer,Adventure,5.7, (5.3K),1h 37m
35. Atlas,Adventure,5.6, (58K),1h 58m
36. Uglies,Adventure,4.7, (35K),1h 40m
37. Kalki 2898 AD,Adventure,7.0, (70K),3h
38. Survive,Adventure,4.6, (3.8K),1h 30m
39. The Garfield Movie,Adventure,5.7, (26K),1h 41m
40. Night of the Zoopocalypse,Adventure,6.0, (1.1K),1h 31m
41. Please Don't Feed the Children,Adventure,4.7, (835),1h 34m
42. Arthur the King,Adventure,7.0, (36K),1h 47m
43. Solo Leveling: ReAwakening,Adventure,8.8, (15K),2h 1m
44. The Courier,Adventure,6.0, (4.8K),1h 41m
45. Wallace & Gromit: Vengeance Most Fowl,Adventure,7.5, (38K),1h 22m
46. Megamind vs. The Doom Syndicate,Adventure,2.4, (5.9K),1h 23m
47. Rebel Moon - Part Two: The Scargiver,Adventure,5.3, (61K),2h 2m
48. Descendants: The Rise of Red,Adventure,4.7, (7.6K),1h 35m
49. My Penguin Friend,Adventure,6.8, (6.1K),1h 37m
50. Demon Slayer: Kimetsu No Yaiba - To the Hashira Training,Adventure,7.2, (9.3K),1h 44m
2. The Wild Robot,Animation,8.2, (194K),1h 42m
3. Flow,Animation,7.9, (92K),1h 25m
4. Moana 2,Animation,6.5, (115K),1h 40m
5. Spermageddon,Animation,5.4, (1.9K),1h 20m
6. Mufasa: The Lion King,Animation,6.6, (75K),1h 58m
7. Inside Out 2,Animation,7.5, (230K),1h 36m
8. Despicable Me 4,Animation,6.2, (71K),1h 34m
9. Transformers One,Animation,7.6, (58K),1h 44m
10. IF,Animation,6.4, (61K),1h 44m
11. The Lord of the Rings: The War of the Rohirrim,Animation,6.3, (35K),2h 14m
12. Kung Fu Panda 4,Animation,6.3, (73K),1h 34m
13. Memoir of a Snail,Animation,7.8, (21K),1h 35m
14. Attack on Titan the Movie: The Last Attack,Animation,9.2, (19K),2h 25m
15. The Garfield Movie,Animation,5.7, (26K),1h 41m
16. Night of the Zoopocalypse,Animation,6.0, (1.1K),1h 31m
17. Solo Leveling: ReAwakening,Animation,8.8, (15K),2h 1m
18. Wallace & Gromit: Vengeance Most Fowl,Animation,7.5, (38K),1h 22m
19. Megamind vs. The Doom Syndicate,Animation,2.4, (5.9K),1h 23m
20. Watchmen: Chapter I,Animation,7.1, (7.5K),1h 23m
21. Demon Slayer: Kimetsu No Yaiba - To the Hashira Training,Animation,7.2, (9.3K),1h 44m
22. The Day the Earth Blew Up: A Looney Tunes Movie,Animation,6.8, (7.3K),1h 31m
23. Look Back,Animation,7.8, (17K),58m
24. Orion and the Dark,Animation,6.3, (18K),1h 33m
25. The Remarkable Life of Ibelin,Animation,8.2, (13K),1h 43m
26. Spellbound,Animation,5.5, (8.2K),1h 49m
27. Boys Go to Jupiter,Animation,7.0, (194),1h 30m
28. Mononoke the Movie: The Phantom in the Rain,Animation,6.7, (1.6K),1h 29m
29. The Glassworker,Animation,7.1, (2.1K),1h 38m
30. Harold and the Purple Crayon,Animation,5.7, (9.2K),1h 30m
31. Mars,Animation,6.8, (35),1h 24m
32. Watchmen: Chapter II,Animation,7.1, (3.8K),1h 30m
33. Justice League: Crisis on Infinite Earths - Part One,Animation,6.2, (9.2K),1h 33m
34. Dan Da Dan: First Encounter,Animation,8.2, (3.3K),1h 23m
35. Doraemon the Movie: Nobita's Earth Symphony,Animation,6.6, (1.7K),1h 55m
36. Haikyu!! The Dumpster Battle,Animation,7.7, (6.9K),1h 25m
37. Piece by Piece,Animation,6.9, (6.8K),1h 33m
38. Justice League: Crisis on Infinite Earths - Part Three,Animation,6.1, (5.1K),1h 34m
39. I Am What I Am 2,Animation,7.6, (512),2h 14m
40. Uma Musume: Pretty Derby - Beginning of a New Era,Animation,7.4, (267),1h 48m
41. Buffalo Kids,Animation,6.6, (844),1h 33m
42. White Snake: Afloat,Animation,6.9, (637),2h 13m
43. 200% Wolf,Animation,5.9, (1.4K),1h 38m
44. Hitpig,Animation,5.2, (1.2K),1h 26m
45. My Hero Academia: You're Next,Animation,7.0, (2.9K),1h 50m
46. Crayon Shin-chan: Our Dinosaur Diary,Animation,6.6, (673),1h 46m
47. That Christmas,Animation,6.8, (17K),1h 31m
48. Dragonkeeper,Animation,5.7, (1.9K),1h 38m
49. Ultraman: Rising,Animation,6.9, (6.9K),1h 57m
50. Justice League: Crisis on Infinite Earths - Part Two,Animation,5.6, (5.9K),1h 34m
1. William Tell,Biography,5.7, (4.8K),2h 14m
2. A Complete Unknown,Biography,7.3, (101K),2h 21m
3. I'm Still Here,Biography,8.2, (118K),2h 17m
4. The Apprentice,Biography,7.1, (63K),2h 2m
5. Saturday Night,Biography,6.9, (35K),1h 49m
6. Better Man,Biography,7.5, (38K),2h 15m
7. Maria,Biography,6.4, (22K),2h 4m
8. Queer,Biography,6.4, (25K),2h 17m
9. Nr. 24,Biography,7.5, (17K),1h 51m
10. Bob Marley: One Love,Biography,6.2, (36K),1h 47m
11. Young Woman and the Sea,Biography,7.5, (18K),2h 9m
12. Scoop,Biography,6.5, (21K),1h 42m
13. Joy,Biography,7.1, (11K),1h 55m
14. Queen of the Ring,Biography,6.3, (2.4K),2h 9m
15. Ordinary Angels,Biography,7.4, (17K),1h 58m
16. Unfrosted,Biography,5.5, (36K),1h 37m
17. Amaran,Biography,8.1, (21K),2h 47m
18. Back to Black,Biography,6.3, (28K),2h 2m
19. The Remarkable Life of Ibelin,Biography,8.2, (13K),1h 43m
20. Reagan,Biography,6.1, (12K),2h 21m
21. Audrey's Children,Biography,7.1, (482),1h 50m
22. Pavements,Biography,7.1, (748),2h 8m
23. Cabrini,Biography,7.3, (9.3K),2h 22m
24. El 47,Biography,7.2, (4.2K),1h 50m
25. Winner,Biography,6.5, (2.9K),1h 43m
26. The Fire Inside,Biography,6.7, (3.2K),1h 49m
27. Monsieur Aznavour,Biography,7.3, (3.2K),2h 13m
28. Bonhoeffer: Pastor. Spy. Assassin.,Biography,6.2, (4.1K),2h 13m
29. Super/Man: The Christopher Reeve Story,Biography,8.0, (11K),1h 44m
30. Midas Man,Biography,6.4, (1.8K),1h 52m
31. Piece by Piece,Biography,6.9, (6.8K),1h 33m
32. Rob Peace,Biography,6.6, (2.4K),2h
33. Race for Glory: Audi vs. Lancia,Biography,5.8, (5.3K),1h 49m
34. Chandu Champion,Biography,7.8, (35K),2h 22m
35. Jim Henson: Idea Man,Biography,7.7, (4K),1h 51m
36. Music by John Williams,Biography,8.2, (5.3K),1h 45m
37. Niki,Biography,6.0, (533),1h 38m
38. Avicii - I'm Tim,Biography,7.7, (7.7K),1h 35m
39. Saint-Exupéry,Biography,5.4, (694),1h 38m
40. Liza: A Truly Terrific Absolutely True Story,Biography,7.5, (572),1h 44m
41. The Bibi Files,Biography,7.6, (1.5K),1h 55m
42. The Beach Boys,Biography,7.1, (2.3K),1h 53m
43. One to One: John & Yoko,Biography,7.3, (802),1h 41m
44. Harbin,Biography,6.2, (1.2K),1h 48m
45. Becoming Madonna,Biography,6.8, (492),1h 31m
46. Goebbels and the Führer,Biography,6.7, (2.9K),2h 15m
47. Riefenstahl,Biography,7.1, (973),1h 55m
48. Limonov: The Ballad of Eddie,Biography,5.9, (1.2K),2h 18m
49. Maidaan,Biography,7.9, (23K),3h 1m
50. I'm Your Venus,Biography,7.1, (561),1h 25m
1. Anora,Comedy,7.4, (221K),2h 19m
2. Freaky Tales,Comedy,6.3, (12K),1h 47m
3. The Ministry of Ungentlemanly Warfare,Comedy,6.8, (144K),2h 2m
4. Friendship,Comedy,6.9, (20K),1h 40m
5. Deadpool & Wolverine,Comedy,7.5, (524K),2h 8m
6. Drive-Away Dolls,Comedy,5.4, (25K),1h 24m
8. The Fall Guy,Comedy,6.8, (233K),2h 6m
9. Beetlejuice Beetlejuice,Comedy,6.6, (160K),1h 45m
10. A Real Pain,Comedy,7.1, (112K),1h 30m
11. Sonic the Hedgehog 3,Comedy,6.9, (70K),1h 50m
12. Saturday Night,Comedy,6.9, (35K),1h 49m
13. The Idea of You,Comedy,6.3, (77K),1h 55m
14. Moana 2,Comedy,6.5, (115K),1h 40m
15. Spermageddon,Comedy,5.4, (1.9K),1h 20m
16. The Union,Comedy,5.5, (55K),1h 47m
17. Kinds of Kindness,Comedy,6.5, (63K),2h 44m
18. Challengers,Comedy,7.0, (163K),2h 11m
19. Borderlands,Comedy,4.7, (52K),1h 41m
20. Old Guy,Comedy,5.2, (4.1K),1h 34m
21. Abigail,Comedy,6.5, (103K),1h 49m
22. Riff Raff,Comedy,5.7, (6.2K),1h 43m
23. It's What's Inside,Comedy,6.6, (46K),1h 43m
24. Fight or Flight,Comedy,6.4, (18K),1h 42m
25. Inside Out 2,Comedy,7.5, (230K),1h 36m
26. Mean Girls,Comedy,5.5, (39K),1h 52m
27. Argylle,Comedy,5.6, (96K),2h 19m
28. Red One,Comedy,6.3, (145K),2h 3m
29. Despicable Me 4,Comedy,6.2, (71K),1h 34m
30. Bad Boys: Ride or Die,Comedy,6.5, (105K),1h 55m
31. Ghostbusters: Frozen Empire,Comedy,6.1, (98K),1h 55m
32. IF,Comedy,6.4, (61K),1h 44m
33. Paddington in Peru,Comedy,6.6, (29K),1h 46m
34. My Old Ass,Comedy,6.9, (44K),1h 29m
35. The Friend,Comedy,6.4, (4.2K),1h 59m
36. Miller's Girl,Comedy,5.2, (25K),1h 33m
37. Bob Trevino Likes It,Comedy,7.5, (4K),1h 41m
38. Snack Shack,Comedy,7.0, (14K),1h 52m
39. Fly Me to the Moon,Comedy,6.6, (54K),2h 12m
40. Beverly Hills Cop: Axel F,Comedy,6.4, (84K),1h 58m
41. Get Away,Comedy,5.3, (8.9K),1h 26m
42. Long Distance,Comedy,5.7, (5.4K),1h 26m
43. A Nice Indian Boy,Comedy,7.4, (3.9K),1h 36m
44. Kung Fu Panda 4,Comedy,6.3, (73K),1h 34m
45. Upgraded,Comedy,6.1, (31K),1h 44m
46. Nightbitch,Comedy,5.5, (22K),1h 39m
47. A Different Man,Comedy,6.9, (34K),1h 52m
48. Ricky Stanicky,Comedy,6.2, (59K),1h 53m
49. A Family Affair,Comedy,5.4, (38K),1h 51m
2. Longlegs,Crime,6.6, (202K),1h 41m
3. The Beekeeper,Crime,6.3, (167K),1h 45m
4. Carry-On,Crime,6.5, (178K),1h 59m
5. Rebel Ridge,Crime,6.8, (95K),2h 11m
6. The Order,Crime,6.8, (54K),1h 56m
7. Juror #2,Crime,7.0, (112K),1h 54m
8. Wolfs,Crime,6.5, (92K),1h 48m
9. The Unholy Trinity,Crime,5.5, (3.2K),1h 35m
10. Trap,Crime,5.8, (149K),1h 45m
11. MaXXXine,Crime,6.2, (77K),1h 43m
12. Old Guy,Crime,5.2, (4.1K),1h 34m
13. Abigail,Crime,6.5, (103K),1h 49m
14. Riff Raff,Crime,5.7, (6.2K),1h 43m
15. Despicable Me 4,Crime,6.2, (71K),1h 34m
16. Bad Boys: Ride or Die,Crime,6.5, (105K),1h 55m
17. Barron's Cove,Crime,6.0, (733),1h 56m
18. Monkey Man,Crime,6.8, (96K),2h 1m
19. Maharaja,Crime,8.4, (73K),2h 21m
20. The Girl with the Needle,Crime,7.5, (16K),2h 3m
21. Love Lies Bleeding,Crime,6.6, (60K),1h 44m
22. Sleeping Dogs,Crime,6.2, (24K),1h 50m
23. Beverly Hills Cop: Axel F,Crime,6.4, (84K),1h 58m
24. The Crow,Crime,4.7, (38K),1h 51m
25. Emilia Pérez,Crime,5.4, (93K),2h 12m
26. The Menendez Brothers,Crime,7.0, (10K),1h 59m
27. The Instigators,Crime,6.2, (40K),1h 41m
28. Lucky Baskhar,Crime,8.0, (36K),2h 28m
29. The Shadow Strays,Crime,6.5, (10K),2h 24m
30. King Ivory,Crime,6.3, (449),2h 10m
31. Force of Nature: The Dry 2,Crime,5.9, (8.1K),2h
32. The Seed of the Sacred Fig,Crime,7.6, (17K),2h 47m
33. Pushpa: The Rule - Part 2,Crime,6.1, (61K),3h 21m
34. Lift,Crime,5.5, (51K),1h 47m
35. The Thicket,Crime,5.8, (4.5K),1h 48m
36. Please Don't Feed the Children,Crime,4.7, (835),1h 34m
37. The Trainer,Crime,7.0, (73),1h 35m
38. Long Gone Heroes,Crime,5.1, (1.6K),1h 41m
39. Absolution,Crime,5.2, (9.6K),1h 52m
40. The Courier,Crime,6.0, (4.8K),1h 41m
41. Megamind vs. The Doom Syndicate,Crime,2.4, (5.9K),1h 23m
42. Misericordia,Crime,6.8, (3.3K),1h 44m
43. Brothers,Crime,5.4, (14K),1h 29m
44. Greedy People,Crime,6.2, (13K),1h 52m
45. Boneyard,Crime,4.1, (5.5K),1h 36m
46. Beating Hearts,Crime,7.0, (6.6K),2h 46m
47. The Silent Hour,Crime,6.1, (8.9K),1h 39m
48. Armor,Crime,3.6, (5K),1h 29m
49. Dead Mail,Crime,6.0, (2.6K),1h 46m
50. Trigger Warning,Crime,4.6, (20K),1h 46m
1. Devo,Documentary,7.6, (615),1h 34m
2. The Menendez Brothers,Documentary,7.0, (10K),1h 59m
3. No Other Land,Documentary,8.3, (15K),1h 32m
4. Will & Harper,Documentary,7.4, (13K),1h 54m
5. Satisfied,Documentary,7.7, (18),1h 24m
6. The Remarkable Life of Ibelin,Documentary,8.2, (13K),1h 43m
7. A New Kind of Wilderness,Documentary,7.6, (1.5K),1h 24m
8. Apocalypse in the Tropics,Documentary,7.6, (1.8K),1h 50m
9. Chain Reactions,Documentary,7.2, (137),1h 43m
10. Make It Look Real,Documentary,6.8, (43),1h 18m
11. The Lost Children,Documentary,7.0, (3.1K),1h 36m
12. 2073,Documentary,5.1, (3.5K),1h 25m
13. My Undesirable Friends: Part I - Last Air in Moscow,Documentary,8.0, (26),5h 24m
14. Buy Now! The Shopping Conspiracy,Documentary,6.7, (7.2K),1h 24m
15. Pavements,Documentary,7.1, (748),2h 8m
16. Checkpoint Zoo,Documentary,7.8, (81),1h 43m
17. Golden Opulence: 500 Years of Luxury in Anatolia,Documentary,9.5, (1.6K),50m
18. Super/Man: The Christopher Reeve Story,Documentary,8.0, (11K),1h 44m
19. Andrea Bocelli: Because I Believe,Documentary,7.3, (27),1h 47m
20. Architecton,Documentary,6.4, (554),1h 38m
21. The Last Republican,Documentary,7.5, (82),1h 30m
22. Mistress Dispeller,Documentary,7.0, (182),1h 34m
23. Beatles '64,Documentary,7.2, (2.8K),1h 46m
24. Lover Stalker Killer,Documentary,7.0, (14K),1h 30m
25. Jim Henson: Idea Man,Documentary,7.7, (4K),1h 51m
26. Music by John Williams,Documentary,8.2, (5.3K),1h 45m
27. Behind the Lines,Documentary,8.7, (36),1h 47m
28. The Program,Documentary,7.1, (943),1h 42m
29. Songs from the Hole,Documentary,6.2, (117),1h 37m
30. Soundtrack to a Coup d'Etat,Documentary,7.8, (3.4K),2h 30m
31. Am I Racist?,Documentary,6.6, (17K),1h 40m
32. Avicii - I'm Tim,Documentary,7.7, (7.7K),1h 35m
33. Black Box Diaries,Documentary,7.5, (3.9K),1h 42m
34. Sugarcane,Documentary,7.0, (3.6K),1h 47m
35. Yacht Rock: A Dockumentary,Documentary,7.6, (2.1K),1h 35m
"36. There Was, There Was Not",Documentary,8.3, (133),1h 34m
37. Johatsu: Into Thin Air,Documentary,6.4, (257),1h 26m
38. Liza: A Truly Terrific Absolutely True Story,Documentary,7.5, (572),1h 44m
39. The Bibi Files,Documentary,7.6, (1.5K),1h 55m
40. Billy & Molly: An Otter Love Story,Documentary,8.0, (2.2K),1h 17m
41. What Jennifer Did,Documentary,6.1, (12K),1h 27m
42. The Thinking Game,Documentary,7.6, (381),1h 24m
43. The Beach Boys,Documentary,7.1, (2.3K),1h 53m
44. One to One: John & Yoko,Documentary,7.3, (802),1h 41m
45. The War on Truth,Documentary,8.2, (7),"8.2
 (7)
Rate
Mark as watched"
46. Grand Theft Hamlet,Documentary,6.9, (2.3K),1h 29m
47. Martha,Documentary,7.2, (4.3K),1h 55m
48. Becoming Madonna,Documentary,6.8, (492),1h 31m
49. The Greatest Night in Pop,Documentary,7.9, (15K),1h 36m
50. Vice Is Broke,Documentary,7.2, (33),1h 42m
1. The Life of Chuck,Drama,7.4, (25K),1h 51m
2. Mahavatar Narsimha,Drama,9.1, (33K),2h 10m
3. The Substance,Drama,7.2, (334K),2h 21m
4. Anora,Drama,7.4, (221K),2h 19m
5. Freaky Tales,Drama,6.3, (12K),1h 47m
6. Babygirl,Drama,5.8, (70K),1h 54m
7. Dune: Part Two,Drama,8.5, (661K),2h 46m
8. Gladiator II,Drama,6.5, (271K),2h 28m
9. On Swift Horses,Drama,6.0, (3.3K),1h 59m
10. The Brutalist,Drama,7.3, (100K),3h 36m
12. A Complete Unknown,Drama,7.3, (101K),2h 21m
13. Conclave,Drama,7.4, (217K),2h
14. Rebel Ridge,Drama,6.8, (95K),2h 11m
15. The Order,Drama,6.8, (54K),1h 56m
16. Juror #2,Drama,7.0, (112K),1h 54m
17. Kingdom of the Planet of the Apes,Drama,6.8, (159K),2h 25m
18. I'm Still Here,Drama,8.2, (118K),2h 17m
19. The Fall Guy,Drama,6.8, (233K),2h 6m
20. Speak No Evil,Drama,6.8, (117K),1h 50m
21. We Live in Time,Drama,7.0, (62K),1h 48m
22. Small Things Like These,Drama,6.7, (29K),1h 38m
23. A Real Pain,Drama,7.1, (112K),1h 30m
24. The Penguin Lessons,Drama,7.1, (7K),1h 51m
25. A Sacrifice,Drama,5.0, (6.2K),1h 34m
26. The Assessment,Drama,6.6, (17K),1h 54m
27. Road House,Drama,6.2, (174K),2h 1m
28. Presence,Drama,6.1, (35K),1h 24m
29. The Apprentice,Drama,7.1, (63K),2h 2m
30. The Unholy Trinity,Drama,5.5, (3.2K),1h 35m
31. It Ends with Us,Drama,6.3, (92K),2h 10m
32. The Count of Monte-Cristo,Drama,7.6, (40K),2h 58m
33. Saturday Night,Drama,6.9, (35K),1h 49m
34. The Last Showgirl,Drama,6.5, (17K),1h 28m
35. The Idea of You,Drama,6.3, (77K),1h 55m
36. Kinds of Kindness,Drama,6.5, (63K),2h 44m
37. September 5,Drama,7.1, (30K),1h 35m
38. Challengers,Drama,7.0, (163K),2h 11m
39. Joker: Folie à Deux,Drama,5.2, (170K),2h 18m
40. Witchboard,Drama,5.7, (454),1h 52m
41. 40 Acres,Drama,6.5, (3.5K),1h 53m
42. Sharp Corner,Drama,5.9, (2.8K),1h 50m
43. Mufasa: The Lion King,Drama,6.6, (75K),1h 58m
44. Parthenope,Drama,6.6, (16K),2h 17m
45. Inside Out 2,Drama,7.5, (230K),1h 36m
46. Megalopolis,Drama,4.7, (38K),2h 18m
47. The Return,Drama,6.2, (12K),1h 56m
48. Caddo Lake,Drama,6.8, (48K),1h 43m
49. A Quiet Place: Day One,Drama,6.3, (160K),1h 39m
50. IF,Drama,6.4, (61K),1h 44m
1. The Wild Robot,Family,8.2, (194K),1h 42m
2. Sketch,Family,7.1, (1.9K),1h 33m
4. Sonic the Hedgehog 3,Family,6.9, (70K),1h 50m
5. Moana 2,Family,6.5, (115K),1h 40m
11. Paddington in Peru,Family,6.6, (29K),1h 46m
13. How to Make Millions Before Grandma Dies,Family,7.9, (19K),2h 5m
14. The Garfield Movie,Family,5.7, (26K),1h 41m
15. Night of the Zoopocalypse,Family,6.0, (1.1K),1h 31m
16. Wallace & Gromit: Vengeance Most Fowl,Family,7.5, (38K),1h 22m
17. Meiyazhagan,Family,8.4, (18K),2h 57m
18. Megamind vs. The Doom Syndicate,Family,2.4, (5.9K),1h 23m
19. Descendants: The Rise of Red,Family,4.7, (7.6K),1h 35m
20. Young Hearts,Family,7.9, (6.5K),1h 39m
21. My Penguin Friend,Family,6.8, (6.1K),1h 37m
23. Girl Haunts Boy,Family,6.3, (3.5K),1h 40m
25. Spellbound,Family,5.5, (8.2K),1h 49m
26. Harold and the Purple Crayon,Family,5.7, (9.2K),1h 30m
27. The Forge,Family,6.7, (5.4K),2h 4m
28. Woodwalkers,Family,5.1, (810),1h 43m
29. Doraemon the Movie: Nobita's Earth Symphony,Family,6.6, (1.7K),1h 55m
30. Piece by Piece,Family,6.9, (6.8K),1h 33m
31. Bibi Rajni,Family,8.4, (754),2h 23m
32. Buffalo Kids,Family,6.6, (844),1h 33m
33. 200% Wolf,Family,5.9, (1.4K),1h 38m
34. Unsung Hero,Family,7.0, (5.3K),1h 53m
35. Hitpig,Family,5.2, (1.2K),1h 26m
36. Aamar Boss,Family,8.0, (577),2h 19m
37. Crayon Shin-chan: Our Dinosaur Diary,Family,6.6, (673),1h 46m
38. That Christmas,Family,6.8, (17K),1h 31m
39. Ultraman: Rising,Family,6.9, (6.9K),1h 57m
40. A Brother and 7 Siblings,Family,8.1, (1.9K),2h 9m
41. You Gotta Believe,Family,5.8, (1.5K),1h 44m
42. The Thundermans Return,Family,5.0, (2K),1h 10m
43. Big World,Family,7.3, (1.6K),2h 11m
44. Runt,Family,6.4, (619),1h 31m
45. Thelma the Unicorn,Family,5.7, (3.1K),1h 33m
46. Saving Bikini Bottom: The Sandy Cheeks Movie,Family,3.7, (4.2K),1h 22m
47. Der Buchspazierer,Family,7.2, (892),1h 38m
48. Bambi: A Tale of Life in the Woods,Family,5.6, (315),1h 18m
49. Woody Woodpecker Goes to Camp,Family,4.5, (2.7K),1h 40m
50. Dalia and the Red Book,Family,5.9, (183),1h 47m
3. Nosferatu,Fantasy,7.2, (229K),2h 12m
4. Wicked,Fantasy,7.4, (182K),2h 40m
5. Sketch,Fantasy,7.1, (1.9K),1h 33m
6. Beetlejuice Beetlejuice,Fantasy,6.6, (160K),1h 45m
7. Flow,Fantasy,7.9, (92K),1h 25m
8. Sonic the Hedgehog 3,Fantasy,6.9, (70K),1h 50m
9. Moana 2,Fantasy,6.5, (115K),1h 40m
10. Better Man,Fantasy,7.5, (38K),2h 15m
11. Parthenope,Fantasy,6.6, (16K),2h 17m
12. Inside Out 2,Fantasy,7.5, (230K),1h 36m
13. Megalopolis,Fantasy,4.7, (38K),2h 18m
14. Red One,Fantasy,6.3, (145K),2h 3m
15. Ghostbusters: Frozen Empire,Fantasy,6.1, (98K),1h 55m
16. Transformers One,Fantasy,7.6, (58K),1h 44m
17. IF,Fantasy,6.4, (61K),1h 44m
18. The Watchers,Fantasy,5.7, (61K),1h 42m
19. Godzilla x Kong: The New Empire,Fantasy,6.0, (127K),1h 55m
20. Damsel,Fantasy,6.1, (113K),1h 50m
21. The Crow,Fantasy,4.7, (38K),1h 51m
22. The Lord of the Rings: The War of the Rohirrim,Fantasy,6.3, (35K),2h 14m
23. Kung Fu Panda 4,Fantasy,6.3, (73K),1h 34m
24. Nightbitch,Fantasy,5.5, (22K),1h 39m
25. Monster Summer,Fantasy,5.7, (5.3K),1h 37m
26. The Wonderful Story of Henry Sugar and Three More,Fantasy,7.1, (9.5K),1h 28m
27. Uglies,Fantasy,4.7, (35K),1h 40m
28. Kalki 2898 AD,Fantasy,7.0, (70K),3h
29. Went Up the Hill,Fantasy,6.1, (215),1h 40m
30. The Garfield Movie,Fantasy,5.7, (26K),1h 41m
31. Night of the Zoopocalypse,Fantasy,6.0, (1.1K),1h 31m
32. Irish Wish,Fantasy,5.2, (22K),1h 33m
33. Solo Leveling: ReAwakening,Fantasy,8.8, (15K),2h 1m
34. The Master and Margarita,Fantasy,7.1, (5.5K),2h 36m
35. Rebel Moon - Part Two: The Scargiver,Fantasy,5.3, (61K),2h 2m
36. Descendants: The Rise of Red,Fantasy,4.7, (7.6K),1h 35m
37. Demon Slayer: Kimetsu No Yaiba - To the Hashira Training,Fantasy,7.2, (9.3K),1h 44m
38. The Balconettes,Fantasy,5.8, (1.8K),1h 44m
39. Girl Haunts Boy,Fantasy,6.3, (3.5K),1h 40m
40. The End,Fantasy,5.4, (2.6K),2h 28m
41. The Tearsmith,Fantasy,5.2, (13K),1h 43m
42. Orion and the Dark,Fantasy,6.3, (18K),1h 33m
43. Spellbound,Fantasy,5.5, (8.2K),1h 49m
44. Mononoke the Movie: The Phantom in the Rain,Fantasy,6.7, (1.6K),1h 29m
45. Harold and the Purple Crayon,Fantasy,5.7, (9.2K),1h 30m
46. Mars,Fantasy,6.8, (35),1h 24m
47. Tim Travers & the Time Travelers Paradox,Fantasy,5.6, (574),1h 35m
48. Justice League: Crisis on Infinite Earths - Part One,Fantasy,6.2, (9.2K),1h 33m
49. Woodwalkers,Fantasy,5.1, (810),1h 43m
50. Dan Da Dan: First Encounter,Fantasy,8.2, (3.3K),1h 23m
1. Eden,History,6.4, (13K),2h 9m
2. William Tell,History,5.7, (4.8K),2h 14m
4. Small Things Like These,History,6.7, (29K),1h 38m
5. The Apprentice,History,7.1, (63K),2h 2m
6. Saturday Night,History,6.9, (35K),1h 49m
7. September 5,History,7.1, (30K),1h 35m
8. The Return,History,6.2, (12K),1h 56m
9. The Girl with the Needle,History,7.5, (16K),2h 3m
10. The Six Triple Eight,History,6.7, (29K),2h 7m
11. Queer,History,6.4, (25K),2h 17m
12. Harvest,History,6.0, (1K),2h 13m
14. Blitz,History,6.2, (17K),2h
15. The Children's Train,History,7.4, (8.5K),1h 46m
16. Uprising,History,6.6, (6.2K),2h 6m
17. Unfrosted,History,5.5, (36K),1h 37m
18. Vermiglio,History,6.9, (5.6K),1h 59m
19. The Devil's Bath,History,6.6, (7.1K),2h 1m
21. Apocalypse in the Tropics,History,7.6, (1.8K),1h 50m
22. Bonhoeffer: Pastor. Spy. Assassin.,History,6.2, (4.1K),2h 13m
23. Bibi Rajni,History,8.4, (754),2h 23m
24. Chandu Champion,History,7.8, (35K),2h 22m
25. Thangalaan,History,6.5, (6.9K),2h 36m
26. Escape from Germany,History,5.4, (1.1K),1h 37m
27. Saint-Exupéry,History,5.4, (694),1h 38m
28. Grand Tour,History,6.5, (2.3K),2h 9m
29. Liza: A Truly Terrific Absolutely True Story,History,7.5, (572),1h 44m
30. The New Year That Never Came,History,8.1, (5.7K),2h 18m
31. Harbin,History,6.2, (1.2K),1h 48m
32. Becoming Madonna,History,6.8, (492),1h 31m
33. Goebbels and the Führer,History,6.7, (2.9K),2h 15m
34. Limonov: The Ballad of Eddie,History,5.9, (1.2K),2h 18m
35. Before Dawn,History,5.4, (1.2K),1h 41m
36. Maidaan,History,7.9, (23K),3h 1m
37. Accident or Conspiracy: Godhra,History,7.3, (826),2h 13m
38. Being Maria,History,6.1, (937),1h 40m
39. The Flood,History,6.4, (389),1h 41m
40. In the Fire of War,History,6.6, (306),1h 55m
41. The Damned,History,5.4, (985),1h 29m
42. In Her Place,History,6.3, (7.2K),1h 36m
43. The Great Lillian Hall,History,7.3, (2.2K),1h 50m
"44. From Hilde, with Love",History,6.9, (1.3K),2h 5m
45. Bushido,History,6.8, (553),2h 9m
46. 11 Rebels,History,6.2, (893),2h 35m
47. The Last Front,History,5.5, (667),1h 38m
48. Apollo 13: Survival,History,7.4, (2.7K),1h 38m
49. Waves,History,7.8, (2.2K),2h 11m
50. Bir Cumhuriyet Sarkisi,History,7.4, (1.5K),2h 8m
1. The Substance,Horror,7.2, (334K),2h 21m
2. Nosferatu,Horror,7.2, (229K),2h 12m
3. Alien: Romulus,Horror,7.1, (263K),1h 59m
4. Heretic,Horror,7.0, (183K),1h 51m
5. Longlegs,Horror,6.6, (202K),1h 41m
6. Speak No Evil,Horror,6.8, (117K),1h 50m
7. Beetlejuice Beetlejuice,Horror,6.6, (160K),1h 45m
8. A Sacrifice,Horror,5.0, (6.2K),1h 34m
9. Smile 2,Horror,6.7, (122K),2h 7m
10. Presence,Horror,6.1, (35K),1h 24m
11. Trap,Horror,5.8, (149K),1h 45m
12. Oddity,Horror,6.7, (50K),1h 38m
13. MaXXXine,Horror,6.2, (77K),1h 43m
14. Kinds of Kindness,Horror,6.5, (63K),2h 44m
15. Terrifier 3,Horror,6.3, (54K),2h 5m
16. Witchboard,Horror,5.7, (454),1h 52m
17. Abigail,Horror,6.5, (103K),1h 49m
18. A Quiet Place: Day One,Horror,6.3, (160K),1h 39m
19. The A-Frame,Horror,5.4, (173),1h 22m
20. Don't Move,Horror,5.8, (42K),1h 32m
21. Arcadian,Horror,5.5, (25K),1h 32m
22. The Watchers,Horror,5.7, (61K),1h 42m
23. Salem's Lot,Horror,5.6, (37K),1h 54m
24. Azrael,Horror,5.3, (13K),1h 26m
25. Noise,Horror,5.8, (306),1h 33m
26. The Crow,Horror,4.7, (38K),1h 51m
27. River of Blood,Horror,4.8, (2.4K),1h 26m
28. Get Away,Horror,5.3, (8.9K),1h 26m
29. Bone Lake,Horror,6.8, (71),1h 34m
30. Cloud,Horror,6.4, (2.4K),2h 4m
31. The Damned,Horror,5.7, (6.4K),1h 29m
32. Immaculate,Horror,5.8, (56K),1h 29m
33. The Deliverance,Horror,5.1, (24K),1h 52m
34. Nightbitch,Horror,5.5, (22K),1h 39m
35. Cuckoo,Horror,5.7, (31K),1h 42m
36. Apartment 7A,Horror,5.9, (18K),1h 47m
37. MadS,Horror,6.4, (9.7K),1h 29m
38. Lembayung,Horror,5.9, (821),2h 3m
39. The Rule of Jenny Pen,Horror,6.2, (7.7K),1h 44m
40. Time Cut,Horror,5.0, (21K),1h 31m
41. Night Swim,Horror,4.7, (29K),1h 38m
42. Y2K,Horror,4.8, (17K),1h 31m
43. The First Omen,Horror,6.5, (67K),1h 59m
44. Tarot,Horror,4.8, (34K),1h 32m
45. The Shrouds,Horror,5.8, (5.7K),2h
46. Hellboy: The Crooked Man,Horror,4.5, (15K),1h 39m
47. Monster Island,Horror,5.2, (1.3K),1h 23m
48. Shelby Oaks,Horror,5.4, (362),1h 39m
49. Strange Harvest,Horror,6.6, (422),1h 34m
50. Went Up the Hill,Horror,6.1, (215),1h 40m
1. Wicked,Musical,7.4, (182K),2h 40m
2. Moana 2,Musical,6.5, (115K),1h 40m
3. Spermageddon,Musical,5.4, (1.9K),1h 20m
4. Better Man,Musical,7.5, (38K),2h 15m
5. Joker: Folie à Deux,Musical,5.2, (170K),2h 18m
7. Mean Girls,Musical,5.5, (39K),1h 52m
8. Emilia Pérez,Musical,5.4, (93K),2h 12m
9. Descendants: The Rise of Red,Musical,4.7, (7.6K),1h 35m
10. Sooryavansham,Musical,7.1, (261),2h 17m
11. The End,Musical,5.4, (2.6K),2h 28m
12. The Merry Gentlemen,Musical,4.8, (10K),1h 27m
13. Spellbound,Musical,5.5, (8.2K),1h 49m
14. Piece by Piece,Musical,6.9, (6.8K),1h 33m
15. How Could I Live Without You?,Musical,6.9, (1.2K),1h 45m
16. Girl from the North Country,Musical,6.7, (87),"6.7
 (87)
Rate
Mark as watched"
17. The Best Friend,Musical,6.3, (183),1h 36m
18. Thelma the Unicorn,Musical,5.7, (3.1K),1h 33m
19. Everybody Loves Touda,Musical,6.4, (554),1h 42m
20. This Is Me... Now,Musical,4.1, (7.2K),1h 5m
21. El Sobreviviente Elizalde,Musical,7.1, (21),"7.1
 (21)
Rate
Mark as watched"
22. Indian 2,Musical,3.8, (17K),"3.8
 (17K)
Rate
Mark as watched"
23. The Night Before Christmas in Wonderland,Musical,6.3, (533),1h 20m
24. Noah's Ark,Musical,4.3, (718),1h 36m
25. The Premiere,Musical,8.7, (27),1h 46m
26. The Deb,Musical,7.4, (74),2h 1m
27. Varshangalkku Shesham,Musical,6.6, (4.8K),2h 46m
28. School of Magical Animals 3,Musical,5.7, (389),1h 45m
"29. Kiss Me, Kate: The Musical",Musical,7.1, (107),2h 41m
30. Victory,Musical,6.5, (381),2h
31. Polvo serán,Musical,6.6, (329),1h 46m
32. Shannon Matthews the Musical the Movie,Musical,7.4, (215),1h 31m
33. Dongeng Sang Kancil,Musical,6.6, (235),1h 39m
34. Queens of Drama,Musical,6.2, (250),1h 54m
35. The Opera! Arie per un'eclissi,Musical,6.3, (154),1h 46m
36. First Nights at Freddy's,Musical,9.0, (22),1h 38m
37. Bonnie and Clyde: The Musical,Musical,7.0, (121),2h 30m
38. Maria Callas,Musical,,,1h
39. Magic,Musical,7.3, (7),1h 30m
40. Chainsaws Were Singing,Musical,7.2, (395),1h 57m
41. Dans la cuisine des Nguyen,Musical,6.2, (120),1h 39m
42. Kajolrekha,Musical,6.4, (204),2h 36m
43. Gaga Chromatica Ball,Musical,8.1, (2.1K),1h 57m
44. Fox & Hare Save the Forest,Musical,5.9, (231),1h 11m
45. (S)KiDS,Musical,8.2, (166),1h 25m
46. Joli joli,Musical,5.5, (164),1h 56m
47. Peas and Carrots,Musical,3.8, (6),1h 36m
48. Eating Me Up,Musical,8.1, (297),1h 44m
49. Pattaapakal,Musical,2.6, (233),1h 44m
50. Bring on the Damned!,Musical,4.9, (59),1h 54m
1. Nosferatu,Mystery,7.2, (229K),2h 12m
3. Juror #2,Mystery,7.0, (112K),1h 54m
4. A Sacrifice,Mystery,5.0, (6.2K),1h 34m
5. Blink Twice,Mystery,6.5, (116K),1h 42m
6. Smile 2,Mystery,6.7, (122K),2h 7m
7. Trap,Mystery,5.8, (149K),1h 45m
8. Witchboard,Mystery,5.7, (454),1h 52m
9. It's What's Inside,Mystery,6.6, (46K),1h 43m
10. Caddo Lake,Mystery,6.8, (48K),1h 43m
11. Red One,Mystery,6.3, (145K),2h 3m
12. Paddington in Peru,Mystery,6.6, (29K),1h 46m
13. The Watchers,Mystery,5.7, (61K),1h 42m
14. Love Lies Bleeding,Mystery,6.6, (60K),1h 44m
15. Sleeping Dogs,Mystery,6.2, (24K),1h 50m
16. The Damned,Mystery,5.7, (6.4K),1h 29m
17. The Deliverance,Mystery,5.1, (24K),1h 52m
18. I Saw the TV Glow,Mystery,5.8, (40K),1h 40m
19. Cuckoo,Mystery,5.7, (31K),1h 42m
20. The Instigators,Mystery,6.2, (40K),1h 41m
21. The Rule of Jenny Pen,Mystery,6.2, (7.7K),1h 44m
22. Time Cut,Mystery,5.0, (21K),1h 31m
23. Night Swim,Mystery,4.7, (29K),1h 38m
24. Monster Summer,Mystery,5.7, (5.3K),1h 37m
25. Force of Nature: The Dry 2,Mystery,5.9, (8.1K),2h
26. Hellboy: The Crooked Man,Mystery,4.5, (15K),1h 39m
27. F*** Marry Kill,Mystery,5.4, (4.1K),1h 37m
28. Dirty Boy,Mystery,7.5, (51),1h 38m
29. Exhuma,Mystery,6.9, (26K),2h 14m
30. Long Gone Heroes,Mystery,5.1, (1.6K),1h 41m
31. Absolution,Mystery,5.2, (9.6K),1h 52m
32. Turtles All the Way Down,Mystery,6.6, (7.9K),1h 51m
33. Watchmen: Chapter I,Mystery,7.1, (7.5K),1h 23m
34. Boneyard,Mystery,4.1, (5.5K),1h 36m
35. Die Alone,Mystery,5.8, (4.3K),1h 30m
36. Skincare,Mystery,5.7, (5.3K),1h 36m
37. Orion and the Dark,Mystery,6.3, (18K),1h 33m
38. Kishkindha Kaandam,Mystery,8.0, (14K),2h 13m
39. Slingshot,Mystery,5.7, (11K),1h 48m
40. Mononoke the Movie: The Phantom in the Rain,Mystery,6.7, (1.6K),1h 29m
41. Watchmen: Chapter II,Mystery,7.1, (3.8K),1h 30m
42. Saint Clare,Mystery,4.6, (724),1h 32m
43. Blackwater Lane,Mystery,4.6, (2.5K),1h 48m
44. Killer Heat,Mystery,5.6, (14K),1h 35m
45. Dan Da Dan: First Encounter,Mystery,8.2, (3.3K),1h 23m
46. Mr. K,Mystery,5.4, (1.3K),1h 34m
47. Black,Mystery,7.1, (3K),1h 55m
48. Outbreak,Mystery,4.4, (1.5K),1h 28m
49. Do Patti,Mystery,6.3, (70K),2h 6m
50. Imaginary,Mystery,4.7, (18K),1h 44m
2. Babygirl,Romance,5.8, (70K),1h 54m
3. Wicked,Romance,7.4, (182K),2h 40m
4. On Swift Horses,Romance,6.0, (3.3K),1h 59m
5. The Fall Guy,Romance,6.8, (233K),2h 6m
6. We Live in Time,Romance,7.0, (62K),1h 48m
7. It Ends with Us,Romance,6.3, (92K),2h 10m
8. The Count of Monte-Cristo,Romance,7.6, (40K),2h 58m
9. The Idea of You,Romance,6.3, (77K),1h 55m
10. Challengers,Romance,7.0, (163K),2h 11m
11. My Old Ass,Romance,6.9, (44K),1h 29m
12. Winter Spring Summer or Fall,Romance,6.1, (3.8K),1h 37m
13. Love Lies Bleeding,Romance,6.6, (60K),1h 44m
14. Fly Me to the Moon,Romance,6.6, (54K),2h 12m
15. The Crow,Romance,4.7, (38K),1h 51m
16. A Nice Indian Boy,Romance,7.4, (3.9K),1h 36m
17. Upgraded,Romance,6.1, (31K),1h 44m
18. Queer,Romance,6.4, (25K),2h 17m
19. A Family Affair,Romance,5.4, (38K),1h 51m
20. Spaceman,Romance,5.7, (45K),1h 47m
21. Jane Austen Wrecked My Life,Romance,6.3, (1.4K),1h 38m
22. Emmanuelle,Romance,4.1, (2.1K),1h 47m
23. All We Imagine as Light,Romance,7.1, (12K),1h 58m
24. Culpa tuya,Romance,5.2, (15K),1h 58m
25. Young Woman and the Sea,Romance,7.5, (18K),2h 9m
26. Went Up the Hill,Romance,6.1, (215),1h 40m
27. Dreams,Romance,7.4, (1.4K),1h 50m
28. Ask Me What You Want,Romance,3.9, (1.5K),1h 54m
29. F*** Marry Kill,Romance,5.4, (4.1K),1h 37m
30. Our Little Secret,Romance,5.7, (24K),1h 41m
31. Irish Wish,Romance,5.2, (22K),1h 33m
32. The Master and Margarita,Romance,7.1, (5.5K),2h 36m
33. Turtles All the Way Down,Romance,6.6, (7.9K),1h 51m
34. Lonely Planet,Romance,5.7, (12K),1h 34m
35. Bonjour Tristesse,Romance,5.7, (773),1h 50m
36. Young Hearts,Romance,7.9, (6.5K),1h 39m
37. Mother of the Bride,Romance,4.8, (17K),1h 28m
38. Love,Romance,7.3, (920),1h 59m
39. Beating Hearts,Romance,7.0, (6.6K),2h 46m
40. Lisa Frankenstein,Romance,6.1, (29K),1h 41m
41. The Greatest Hits,Romance,6.2, (8.1K),1h 34m
42. Girl Haunts Boy,Romance,6.3, (3.5K),1h 40m
43. Die Alone,Romance,5.8, (4.3K),1h 30m
44. Girls Will Be Girls,Romance,7.1, (2.9K),1h 58m
45. Touch,Romance,7.4, (6.3K),2h 1m
46. Vulgar,Romance,5.0, (254),1h 43m
47. Another End,Romance,6.4, (898),1h 59m
48. The Tearsmith,Romance,5.2, (13K),1h 43m
49. Lilies Not for Me,Romance,7.0, (923),1h 39m
50. Sex,Romance,6.6, (1.8K),1h 58m
2. The Substance,Sci-fi,7.2, (334K),2h 21m
6. The Wild Robot,Sci-fi,8.2, (194K),1h 42m
7. Furiosa: A Mad Max Saga,Sci-fi,7.5, (299K),2h 28m
8. Kingdom of the Planet of the Apes,Sci-fi,6.8, (159K),2h 25m
9. Subservience,Sci-fi,5.4, (32K),1h 46m
10. The Assessment,Sci-fi,6.6, (17K),1h 54m
12. Venom: The Last Dance,Sci-fi,6.0, (138K),1h 50m
13. Borderlands,Sci-fi,4.7, (52K),1h 41m
14. 40 Acres,Sci-fi,6.5, (3.5K),1h 53m
15. It's What's Inside,Sci-fi,6.6, (46K),1h 43m
16. Megalopolis,Sci-fi,4.7, (38K),2h 18m
17. Caddo Lake,Sci-fi,6.8, (48K),1h 43m
19. Elevation,Sci-fi,5.6, (26K),1h 31m
20. The A-Frame,Sci-fi,5.4, (173),1h 22m
21. Despicable Me 4,Sci-fi,6.2, (71K),1h 34m
22. Ghostbusters: Frozen Empire,Sci-fi,6.1, (98K),1h 55m
23. Transformers One,Sci-fi,7.6, (58K),1h 44m
24. Arcadian,Sci-fi,5.5, (25K),1h 32m
25. Godzilla x Kong: The New Empire,Sci-fi,6.0, (127K),1h 55m
26. Long Distance,Sci-fi,5.7, (5.4K),1h 26m
27. Spaceman,Sci-fi,5.7, (45K),1h 47m
28. Time Cut,Sci-fi,5.0, (21K),1h 31m
29. Y2K,Sci-fi,4.8, (17K),1h 31m
30. Atlas,Sci-fi,5.6, (58K),1h 58m
31. The Shrouds,Sci-fi,5.8, (5.7K),2h
32. In Vitro,Sci-fi,5.6, (414),1h 29m
33. Uglies,Sci-fi,4.7, (35K),1h 40m
34. Kalki 2898 AD,Sci-fi,7.0, (70K),3h
35. Werewolves,Sci-fi,4.4, (8K),1h 33m
36. Survive,Sci-fi,4.6, (3.8K),1h 30m
37. Night of the Zoopocalypse,Sci-fi,6.0, (1.1K),1h 31m
38. Jimmy and Stiggs,Sci-fi,6.0, (267),1h 19m
39. Wallace & Gromit: Vengeance Most Fowl,Sci-fi,7.5, (38K),1h 22m
40. Megamind vs. The Doom Syndicate,Sci-fi,2.4, (5.9K),1h 23m
41. Apocalypse Z: The Beginning of the End,Sci-fi,6.1, (22K),1h 57m
42. Watchmen: Chapter I,Sci-fi,7.1, (7.5K),1h 23m
43. Rebel Moon - Part Two: The Scargiver,Sci-fi,5.3, (61K),2h 2m
44. The Platform 2,Sci-fi,4.9, (43K),1h 39m
45. The Day the Earth Blew Up: A Looney Tunes Movie,Sci-fi,6.8, (7.3K),1h 31m
46. The Greatest Hits,Sci-fi,6.2, (8.1K),1h 34m
47. Levels,Sci-fi,5.0, (1.7K),1h 33m
48. Die Alone,Sci-fi,5.8, (4.3K),1h 30m
49. The End,Sci-fi,5.4, (2.6K),2h 28m
50. Another End,Sci-fi,6.4, (898),1h 59m
1. Challengers,Sport,7.0, (163K),2h 11m
2. Inside Out 2,Sport,7.5, (230K),1h 36m
3. Young Woman and the Sea,Sport,7.5, (18K),2h 9m
4. Queen of the Ring,Sport,6.3, (2.4K),2h 9m
5. Arthur the King,Sport,7.0, (36K),1h 47m
6. Unstoppable,Sport,6.8, (4.7K),1h 56m
7. Under Paris,Sport,5.2, (38K),1h 44m
8. The Fire Inside,Sport,6.7, (3.2K),1h 49m
9. Haikyu!! The Dumpster Battle,Sport,7.7, (6.9K),1h 25m
10. Uma Musume: Pretty Derby - Beginning of a New Era,Sport,7.4, (267),1h 48m
11. The Beautiful Game,Sport,6.3, (8.4K),2h 5m
12. Sunshine,Sport,7.6, (174),1h 31m
13. Kill the Jockey,Sport,6.4, (2.1K),1h 36m
14. Lal Salaam,Sport,4.5, (1.5K),2h 30m
15. Race for Glory: Audi vs. Lancia,Sport,5.8, (5.3K),1h 49m
16. Chandu Champion,Sport,7.8, (35K),2h 22m
17. Sweet Dreams,Sport,5.4, (1.6K),1h 35m
18. You Gotta Believe,Sport,5.8, (1.5K),1h 44m
19. Uranus 2324,Sport,6.4, (5.1K),2h 10m
20. Lubber Pandhu,Sport,8.1, (7.6K),2h 26m
21. Yolo,Sport,6.9, (4K),2h 9m
22. Rez Ball,Sport,6.4, (2.7K),1h 51m
23. Maidaan,Sport,7.9, (23K),3h 1m
24. Moon,Sport,6.8, (669),1h 32m
25. 4 Zéros,Sport,3.6, (237),1h 45m
26. Blue Lock: Episode Nagi,Sport,6.6, (2.8K),1h 31m
27. Block Pass,Sport,6.9, (576),1h 44m
28. Mr. & Mrs. Mahi,Sport,5.9, (16K),2h 19m
29. My Sunshine,Sport,7.0, (1.5K),1h 40m
30. El Hareefa,Sport,6.8, (1.3K),1h 57m
31. Cup,Sport,8.6, (89),2h 26m
32. Bionic,Sport,4.3, (1.8K),1h 50m
33. Giannis: The Marvelous Journey,Sport,8.3, (1.8K),1h 49m
34. El Hareefa 2: El Remontada,Sport,6.3, (634),2h 10m
35. Pegasus 2,Sport,6.9, (1.4K),2h 1m
36. Grace by Night,Sport,6.5, (52),2h 16m
37. The Swedish Torpedo,Sport,5.9, (342),2h
38. Boxer,Sport,6.4, (1.4K),2h 30m
39. Return to the Ring,Sport,5.4, (773),1h 46m
40. The Underdoggs,Sport,5.6, (4.7K),1h 36m
41. American Warrior,Sport,8.7, (33),1h 33m
42. Havnaa,Sport,6.9, (423),1h 50m
43. Sixty Minutes,Sport,5.7, (5.4K),1h 28m
44. The Streak,Sport,9.3, (11),1h 27m
45. Crakk: Jeetega... Toh Jiyegaa,Sport,4.7, (6.5K),2h 34m
46. Baki Hanma VS Kengan Ashura,Sport,5.7, (2.1K),1h 2m
47. Vijay 69,Sport,6.1, (1.3K),1h 52m
48. Samia,Sport,6.7, (192),1h 42m
49. Balestra,Sport,5.1, (553),2h 25m
50. Little Wing,Sport,6.1, (961),1h 40m
5. The Surfer,Thriller,6.0, (14K),1h 40m
7. Longlegs,Thriller,6.6, (202K),1h 41m
8. The Beekeeper,Thriller,6.3, (167K),1h 45m
11. Conclave,Thriller,7.4, (217K),2h
12. Rebel Ridge,Thriller,6.8, (95K),2h 11m
13. Kraven the Hunter,Thriller,5.5, (71K),2h 7m
14. Twisters,Thriller,6.5, (182K),2h 2m
18. Civil War,Thriller,7.0, (250K),1h 49m
19. Speak No Evil,Thriller,6.8, (117K),1h 50m
20. A Sacrifice,Thriller,5.0, (6.2K),1h 34m
21. Blink Twice,Thriller,6.5, (116K),1h 42m
22. Wolfs,Thriller,6.5, (92K),1h 48m
23. Subservience,Thriller,5.4, (32K),1h 46m
24. Road House,Thriller,6.2, (174K),2h 1m
25. Smile 2,Thriller,6.7, (122K),2h 7m
26. Presence,Thriller,6.1, (35K),1h 24m
27. Venom: The Last Dance,Thriller,6.0, (138K),1h 50m
28. The Count of Monte-Cristo,Thriller,7.6, (40K),2h 58m
29. Trap,Thriller,5.8, (149K),1h 45m
30. Oddity,Thriller,6.7, (50K),1h 38m
31. The Union,Thriller,5.5, (55K),1h 47m
32. September 5,Thriller,7.1, (30K),1h 35m
33. Borderlands,Thriller,4.7, (52K),1h 41m
34. Joker: Folie à Deux,Thriller,5.2, (170K),2h 18m
35. 40 Acres,Thriller,6.5, (3.5K),1h 53m
36. Abigail,Thriller,6.5, (103K),1h 49m
37. Sharp Corner,Thriller,5.9, (2.8K),1h 50m
38. It's What's Inside,Thriller,6.6, (46K),1h 43m
39. Madame Web,Thriller,4.1, (106K),1h 56m
40. Caddo Lake,Thriller,6.8, (48K),1h 43m
41. Argylle,Thriller,5.6, (96K),2h 19m
42. A Quiet Place: Day One,Thriller,6.3, (160K),1h 39m
43. Elevation,Thriller,5.6, (26K),1h 31m
44. The A-Frame,Thriller,5.4, (173),1h 22m
45. Land of Bad,Thriller,6.6, (55K),1h 53m
46. Bad Boys: Ride or Die,Thriller,6.5, (105K),1h 55m
47. Barron's Cove,Thriller,6.0, (733),1h 56m
48. Monkey Man,Thriller,6.8, (96K),2h 1m
49. Don't Move,Thriller,5.8, (42K),1h 32m
50. Maharaja,Thriller,8.4, (73K),2h 21m
1. The Ministry of Ungentlemanly Warfare,War,6.8, (144K),2h 2m
3. The Six Triple Eight,War,6.7, (29K),2h 7m
4. Nr. 24,War,7.5, (17K),1h 51m
5. Dirty Angels,War,4.5, (4.9K),1h 44m
6. Blitz,War,6.2, (17K),2h
7. Uprising,War,6.6, (6.2K),2h 6m
8. Amaran,War,8.1, (21K),2h 47m
9. My Dead Friend Zoe,War,6.5, (3.1K),1h 43m
10. Bau: Artist at War,War,7.4, (70),2h 10m
11. Chandu Champion,War,7.8, (35K),2h 22m
12. Escape from Germany,War,5.4, (1.1K),1h 37m
"13. Canadian, Sniper",War,3.4, (382),1h 23m
14. Goebbels and the Führer,War,6.7, (2.9K),2h 15m
15. The Witch: Revenge,War,5.3, (916),1h 40m
16. Without Blood,War,7.3, (118),1h 31m
17. Before Dawn,War,5.4, (1.2K),1h 41m
18. Russians at War,War,2.2, (1.1K),2h 14m
19. In the Fire of War,War,6.6, (306),1h 55m
20. The Last Front,War,5.5, (667),1h 38m
21. Laws of Man,War,4.9, (1.4K),1h 38m
22. Porcelain War,War,7.1, (1.3K),1h 27m
23. Ei koskaan yksin,War,7.0, (508),1h 25m
24. Quisling: The Final Days,War,7.1, (1.4K),2h 26m
25. Der Deserteur,War,8.1, (43),1h 33m
26. Captain Miller,War,7.2, (14K),2h 37m
27. Ataturk II: 1881-1919,War,8.8, (2.5K),2h 21m
28. Intercepted,War,8.0, (622),1h 35m
29. Invasion,War,4.8, (778),1h 31m
30. Murder Company,War,3.6, (1.7K),1h 26m
31. 24 Hours to D-Day,War,2.8, (145),1h 23m
32. Way Home,War,6.4, (1.6K),1h 38m
33. The Ballad of Davy Crockett,War,4.6, (278),1h 36m
"34. Love, Courage and the Battle of Bushy Run",War,5.0, (202),1h 53m
35. Call of Duty,War,8.0, (14),"8.0
 (14)
Rate
Mark as watched"
36. Conquer: Lahad Datu,War,6.6, (577),2h
37. Dharmarakshak Mahaveer Chhatrapati Sambhaji Maharaj,War,8.3, (684),2h 54m
38. The Friendly,War,8.8, (42),1h 41m
39. Kang Mak,War,6.4, (936),2h 2m
40. Decoded,War,5.7, (485),2h 36m
41. All the Lost Ones,War,3.6, (283),1h 46m
42. The Shamrock Spitfire,War,5.1, (526),1h 48m
43. Battlefield,War,6.2, (741),1h 44m
44. The Volunteers: The Battle of Life and Death,War,6.1, (313),2h 24m
45. Kargil 1999- The Untold Story of the Indian Air Force,War,8.3, (23),"8.3
 (23)
Rate
Mark as watched"
46. The Yin Yang Master Zero,War,5.7, (310),1h 52m
47. Fortunes of War,War,3.5, (187),1h 25m
48. Chhava,War,8.4, (2.3K),51m
49. Hitler,War,5.2, (324),2h 8m
50. Peter Brook's the Mahabharata (8K),War,8.1, (11),2h 53m
1. The Unholy Trinity,Western,5.5, (3.2K),1h 35m
2. Horizon: An American Saga - Chapter 1,Western,6.6, (42K),3h 1m
3. Horizon: An American Saga - Chapter 2,Western,7.1, (1.5K),3h 10m
4. Rust,Western,5.5, (3.2K),2h 19m
5. The Thicket,Western,5.8, (4.5K),1h 48m
6. Buffalo Kids,Western,6.6, (844),1h 33m
7. Pedro Páramo,Western,6.3, (3.2K),2h 10m
8. Bitter Gold,Western,7.6, (98),1h 23m
9. Wynonna Earp: Vengeance,Western,5.6, (1.8K),1h 36m
10. Calamity Jane,Western,4.4, (819),1h 35m
11. Golden Kamuy,Western,6.3, (2.7K),2h 7m
12. Outlaw Posse,Western,4.3, (564),1h 48m
13. Desert Fiends,Western,4.5, (978),1h 46m
14. Seven Cemeteries,Western,4.6, (680),1h 24m
15. The Night They Came Home,Western,3.6, (470),1h 45m
16. Was Once a Hero,Western,8.5, (68),"8.5
 (68)
Rate
Mark as watched"
17. The Guardsmen,Western,3.4, (196),1h 13m
18. They Call Her Death,Western,5.4, (233),1h 32m
19. Same Old West,Western,7.6, (438),1h 38m
20. Adiós al amigo,Western,8.0, (52),1h 58m
21. Eye for an Eye 2,Western,6.6, (594),1h 30m
22. Taken from Rio Bravo,Western,3.0, (343),1h 20m
23. Over the Red River,Western,3.7, (104),1h 23m
24. Ghosts of Red Ridge,Western,3.3, (191),1h 21m
25. Escanyapobres,Western,6.2, (99),1h 42m
26. Bolero,Western,3.0, (31),"3.0
 (31)
Rate
Mark as watched"
27. Malaikottai Vaaliban,Western,6.0, (4.2K),2h 36m
28. Andromeda: 1883,Western,3.9, (20),1h 15m
29. Paradise,Western,6.9, (83),1h 23m
30. Unnatural,Western,3.7, (149),1h 43m
31. Lady Outlaw,Western,6.5, (27),1h 44m
32. Harsh Treatment,Western,8.3, (16),"8.3
 (16)
Rate
Mark as watched"
33. The Ecstasy of Gold: The Treasure of Jesse James,Western,5.6, (21),1h 30m
34. Joe Crist,Western,4.0, (517),53m
35. Last Flamingo of the Red Summer Sunset,Western,8.8, (14),1h 20m
36. Doc Holliday 2,Western,6.1, (12),"6.1
 (12)
Rate
Mark as watched"
37. Coyote Woman,Western,2.1, (78),1h 50m
38. Searching for the Elephant,Western,5.8, (38),1h 56m
39. Fyre Rises,Western,6.0, (330),1h 50m
40. The Guardsmen: Part 3,Western,4.2, (87),"4.2
 (87)
Rate
Mark as watched"
41. Doc Holliday 3,Western,5.0, (10),"5.0
 (10)
Rate
Mark as watched"
42. Astral Plane Drifter,Western,8.8, (33),"8.8
 (33)
Rate
Mark as watched"
43. Dans l'ombre de Marlow,Western,,,1h 20m
44. Six Guns for Hire,Western,,,"Rate
Mark as watched"
45. The Dakota War: Revenge,Western,,,1h 32m
46. In Search of Bass Reeves,Western,6.1, (62),1h 45m
47. Bo Nan Za,Western,9.1, (29),1h 1m
48. Death After Dusk,Western,5.6, (97),2h 20m
49. The Film Café,Western,,,"Rate
Mark as watched"
50. My Redneck Neighbor: Chapter 1 - The Rednecks Are Coming,Western,5.3, (12),1h 14m
