﻿MovieName,Genre,Rating,Votes,Duration
1. Wicked,Musical,7.4, (182K),2h 40m
2. Moana 2,Musical,6.5, (115K),1h 40m
3. Spermageddon,Musical,5.4, (1.9K),1h 20m
4. Better Man,Musical,7.5, (38K),2h 15m
5. Joker: Folie à Deux,Musical,5.2, (170K),2h 18m
6. Mufasa: The Lion King,Musical,6.6, (75K),1h 58m
7. Mean Girls,Musical,5.5, (39K),1h 52m
8. Emilia Pérez,Musical,5.4, (93K),2h 12m
9. Descendants: The Rise of Red,Musical,4.7, (7.6K),1h 35m
10. Sooryavansham,Musical,7.1, (261),2h 17m
11. The End,Musical,5.4, (2.6K),2h 28m
12. The Merry Gentlemen,Musical,4.8, (10K),1h 27m
13. Spellbound,Musical,5.5, (8.2K),1h 49m
14. Piece by Piece,Musical,6.9, (6.8K),1h 33m
15. How Could I Live Without You?,Musical,6.9, (1.2K),1h 45m
16. Girl from the North Country,Musical,6.7, (87),"6.7
 (87)
Rate
Mark as watched"
17. The Best Friend,Musical,6.3, (183),1h 36m
18. Thelma the Unicorn,Musical,5.7, (3.1K),1h 33m
19. Everybody Loves Touda,Musical,6.4, (554),1h 42m
20. This Is Me... Now,Musical,4.1, (7.2K),1h 5m
21. El Sobreviviente Elizalde,Musical,7.1, (21),"7.1
 (21)
Rate
Mark as watched"
22. Indian 2,Musical,3.8, (17K),"3.8
 (17K)
Rate
Mark as watched"
23. The Night Before Christmas in Wonderland,Musical,6.3, (533),1h 20m
24. Noah's Ark,Musical,4.3, (718),1h 36m
25. The Premiere,Musical,8.7, (27),1h 46m
26. The Deb,Musical,7.4, (74),2h 1m
27. Varshangalkku Shesham,Musical,6.6, (4.8K),2h 46m
28. School of Magical Animals 3,Musical,5.7, (389),1h 45m
"29. Kiss Me, Kate: The Musical",Musical,7.1, (107),2h 41m
30. Victory,Musical,6.5, (381),2h
31. Polvo serán,Musical,6.6, (329),1h 46m
32. Shannon Matthews the Musical the Movie,Musical,7.4, (215),1h 31m
33. Dongeng Sang Kancil,Musical,6.6, (235),1h 39m
34. Queens of Drama,Musical,6.2, (250),1h 54m
35. The Opera! Arie per un'eclissi,Musical,6.3, (154),1h 46m
36. First Nights at Freddy's,Musical,9.0, (22),1h 38m
37. Bonnie and Clyde: The Musical,Musical,7.0, (121),2h 30m
38. Maria Callas,Musical,N/A,N/A,1h
39. Magic,Musical,7.3, (7),1h 30m
40. Chainsaws Were Singing,Musical,7.2, (395),1h 57m
41. Dans la cuisine des Nguyen,Musical,6.2, (120),1h 39m
42. Kajolrekha,Musical,6.4, (204),2h 36m
43. Gaga Chromatica Ball,Musical,8.1, (2.1K),1h 57m
44. Fox & Hare Save the Forest,Musical,5.9, (231),1h 11m
45. (S)KiDS,Musical,8.2, (166),1h 25m
46. Joli joli,Musical,5.5, (164),1h 56m
47. Peas and Carrots,Musical,3.8, (6),1h 36m
48. Eating Me Up,Musical,8.1, (297),1h 44m
49. Pattaapakal,Musical,2.6, (233),1h 44m
50. Bring on the Damned!,Musical,4.9, (59),1h 54m
