﻿MovieName,Genre,Rating,Votes,Duration
1. Nosferatu,Mystery,7.2, (229K),2h 12m
2. Longlegs,Mystery,6.6, (202K),1h 41m
3. Juror #2,Mystery,7.0, (112K),1h 54m
4. A Sacrifice,Mystery,5.0, (6.2K),1h 34m
5. Blink Twice,Mystery,6.5, (116K),1h 42m
6. Smile 2,Mystery,6.7, (122K),2h 7m
7. Trap,Mystery,5.8, (149K),1h 45m
8. Witchboard,Mystery,5.7, (454),1h 52m
9. It's What's Inside,Mystery,6.6, (46K),1h 43m
10. Caddo Lake,Mystery,6.8, (48K),1h 43m
11. Red One,Mystery,6.3, (145K),2h 3m
12. Paddington in Peru,Mystery,6.6, (29K),1h 46m
13. The Watchers,Mystery,5.7, (61K),1h 42m
14. Love Lies Bleeding,Mystery,6.6, (60K),1h 44m
15. Sleeping Dogs,Mystery,6.2, (24K),1h 50m
16. The Damned,Mystery,5.7, (6.4K),1h 29m
17. The Deliverance,Mystery,5.1, (24K),1h 52m
18. I Saw the TV Glow,Mystery,5.8, (40K),1h 40m
19. Cuckoo,Mystery,5.7, (31K),1h 42m
20. The Instigators,Mystery,6.2, (40K),1h 41m
21. The Rule of Jenny Pen,Mystery,6.2, (7.7K),1h 44m
22. Time Cut,Mystery,5.0, (21K),1h 31m
23. Night Swim,Mystery,4.7, (29K),1h 38m
24. Monster Summer,Mystery,5.7, (5.3K),1h 37m
25. Force of Nature: The Dry 2,Mystery,5.9, (8.1K),2h
26. Hellboy: The Crooked Man,Mystery,4.5, (15K),1h 39m
27. F*** Marry Kill,Mystery,5.4, (4.1K),1h 37m
28. Dirty Boy,Mystery,7.5, (51),1h 38m
29. Exhuma,Mystery,6.9, (26K),2h 14m
30. Long Gone Heroes,Mystery,5.1, (1.6K),1h 41m
31. Absolution,Mystery,5.2, (9.6K),1h 52m
32. Turtles All the Way Down,Mystery,6.6, (7.9K),1h 51m
33. Watchmen: Chapter I,Mystery,7.1, (7.5K),1h 23m
34. Boneyard,Mystery,4.1, (5.5K),1h 36m
35. Die Alone,Mystery,5.8, (4.3K),1h 30m
36. Skincare,Mystery,5.7, (5.3K),1h 36m
37. Orion and the Dark,Mystery,6.3, (18K),1h 33m
38. Kishkindha Kaandam,Mystery,8.0, (14K),2h 13m
39. Slingshot,Mystery,5.7, (11K),1h 48m
40. Mononoke the Movie: The Phantom in the Rain,Mystery,6.7, (1.6K),1h 29m
41. Watchmen: Chapter II,Mystery,7.1, (3.8K),1h 30m
42. Saint Clare,Mystery,4.6, (724),1h 32m
43. Blackwater Lane,Mystery,4.6, (2.5K),1h 48m
44. Killer Heat,Mystery,5.6, (14K),1h 35m
45. Dan Da Dan: First Encounter,Mystery,8.2, (3.3K),1h 23m
46. Mr. K,Mystery,5.4, (1.3K),1h 34m
47. Black,Mystery,7.1, (3K),1h 55m
48. Outbreak,Mystery,4.4, (1.5K),1h 28m
49. Do Patti,Mystery,6.3, (70K),2h 6m
50. Imaginary,Mystery,4.7, (18K),1h 44m
