﻿MovieName,Genre,Rating,Votes,Duration
1. Anora,Romance,7.4, (221K),2h 19m
2. Babygirl,Romance,5.8, (70K),1h 54m
3. Wicked,Romance,7.4, (182K),2h 40m
4. On Swift Horses,Romance,6.0, (3.3K),1h 59m
5. The Fall Guy,Romance,6.8, (233K),2h 6m
6. We Live in Time,Romance,7.0, (62K),1h 48m
7. It Ends with Us,Romance,6.3, (92K),2h 10m
8. The Count of Monte-Cristo,Romance,7.6, (40K),2h 58m
9. The Idea of You,Romance,6.3, (77K),1h 55m
10. Challengers,Romance,7.0, (163K),2h 11m
11. My Old Ass,Romance,6.9, (44K),1h 29m
12. Winter Spring Summer or Fall,Romance,6.1, (3.8K),1h 37m
13. Love Lies Bleeding,Romance,6.6, (60K),1h 44m
14. Fly Me to the Moon,Romance,6.6, (54K),2h 12m
15. The Crow,Romance,4.7, (38K),1h 51m
16. A Nice Indian Boy,Romance,7.4, (3.9K),1h 36m
17. Upgraded,Romance,6.1, (31K),1h 44m
18. Queer,Romance,6.4, (25K),2h 17m
19. A Family Affair,Romance,5.4, (38K),1h 51m
20. Spaceman,Romance,5.7, (45K),1h 47m
21. Jane Austen Wrecked My Life,Romance,6.3, (1.4K),1h 38m
22. Emmanuelle,Romance,4.1, (2.1K),1h 47m
23. All We Imagine as Light,Romance,7.1, (12K),1h 58m
24. Culpa tuya,Romance,5.2, (15K),1h 58m
25. Young Woman and the Sea,Romance,7.5, (18K),2h 9m
26. Went Up the Hill,Romance,6.1, (215),1h 40m
27. Dreams,Romance,7.4, (1.4K),1h 50m
28. Ask Me What You Want,Romance,3.9, (1.5K),1h 54m
29. F*** Marry Kill,Romance,5.4, (4.1K),1h 37m
30. Our Little Secret,Romance,5.7, (24K),1h 41m
31. Irish Wish,Romance,5.2, (22K),1h 33m
32. The Master and Margarita,Romance,7.1, (5.5K),2h 36m
33. Turtles All the Way Down,Romance,6.6, (7.9K),1h 51m
34. Lonely Planet,Romance,5.7, (12K),1h 34m
35. Bonjour Tristesse,Romance,5.7, (773),1h 50m
36. Young Hearts,Romance,7.9, (6.5K),1h 39m
37. Mother of the Bride,Romance,4.8, (17K),1h 28m
38. Love,Romance,7.3, (920),1h 59m
39. Beating Hearts,Romance,7.0, (6.6K),2h 46m
40. Lisa Frankenstein,Romance,6.1, (29K),1h 41m
41. The Greatest Hits,Romance,6.2, (8.1K),1h 34m
42. Girl Haunts Boy,Romance,6.3, (3.5K),1h 40m
43. Die Alone,Romance,5.8, (4.3K),1h 30m
44. Girls Will Be Girls,Romance,7.1, (2.9K),1h 58m
45. Touch,Romance,7.4, (6.3K),2h 1m
46. Vulgar,Romance,5.0, (254),1h 43m
47. Another End,Romance,6.4, (898),1h 59m
48. The Tearsmith,Romance,5.2, (13K),1h 43m
49. Lilies Not for Me,Romance,7.0, (923),1h 39m
50. Sex,Romance,6.6, (1.8K),1h 58m
