﻿MovieName,Genre,Rating,Votes,Duration
1. The Life of Chuck,Sci-fi,7.4, (25K),1h 51m
2. The Substance,Sci-fi,7.2, (334K),2h 21m
3. Alien: Romulus,Sci-fi,7.1, (263K),1h 59m
4. Dune: Part Two,Sci-fi,8.5, (661K),2h 46m
5. Deadpool & Wolverine,Sci-fi,7.5, (524K),2h 8m
6. The Wild Robot,Sci-fi,8.2, (194K),1h 42m
7. Furiosa: A Mad Max Saga,Sci-fi,7.5, (299K),2h 28m
8. Kingdom of the Planet of the Apes,Sci-fi,6.8, (159K),2h 25m
9. Subservience,Sci-fi,5.4, (32K),1h 46m
10. The Assessment,Sci-fi,6.6, (17K),1h 54m
11. Sonic the Hedgehog 3,Sci-fi,6.9, (70K),1h 50m
12. Venom: The Last Dance,Sci-fi,6.0, (138K),1h 50m
13. Borderlands,Sci-fi,4.7, (52K),1h 41m
14. 40 Acres,Sci-fi,6.5, (3.5K),1h 53m
15. It's What's Inside,Sci-fi,6.6, (46K),1h 43m
16. Megalopolis,Sci-fi,4.7, (38K),2h 18m
17. Caddo Lake,Sci-fi,6.8, (48K),1h 43m
18. A Quiet Place: Day One,Sci-fi,6.3, (160K),1h 39m
19. Elevation,Sci-fi,5.6, (26K),1h 31m
20. The A-Frame,Sci-fi,5.4, (173),1h 22m
21. Despicable Me 4,Sci-fi,6.2, (71K),1h 34m
22. Ghostbusters: Frozen Empire,Sci-fi,6.1, (98K),1h 55m
23. Transformers One,Sci-fi,7.6, (58K),1h 44m
24. Arcadian,Sci-fi,5.5, (25K),1h 32m
25. Godzilla x Kong: The New Empire,Sci-fi,6.0, (127K),1h 55m
26. Long Distance,Sci-fi,5.7, (5.4K),1h 26m
27. Spaceman,Sci-fi,5.7, (45K),1h 47m
28. Time Cut,Sci-fi,5.0, (21K),1h 31m
29. Y2K,Sci-fi,4.8, (17K),1h 31m
30. Atlas,Sci-fi,5.6, (58K),1h 58m
31. The Shrouds,Sci-fi,5.8, (5.7K),2h
32. In Vitro,Sci-fi,5.6, (414),1h 29m
33. Uglies,Sci-fi,4.7, (35K),1h 40m
34. Kalki 2898 AD,Sci-fi,7.0, (70K),3h
35. Werewolves,Sci-fi,4.4, (8K),1h 33m
36. Survive,Sci-fi,4.6, (3.8K),1h 30m
37. Night of the Zoopocalypse,Sci-fi,6.0, (1.1K),1h 31m
38. Jimmy and Stiggs,Sci-fi,6.0, (267),1h 19m
39. Wallace & Gromit: Vengeance Most Fowl,Sci-fi,7.5, (38K),1h 22m
40. Megamind vs. The Doom Syndicate,Sci-fi,2.4, (5.9K),1h 23m
41. Apocalypse Z: The Beginning of the End,Sci-fi,6.1, (22K),1h 57m
42. Watchmen: Chapter I,Sci-fi,7.1, (7.5K),1h 23m
43. Rebel Moon - Part Two: The Scargiver,Sci-fi,5.3, (61K),2h 2m
44. The Platform 2,Sci-fi,4.9, (43K),1h 39m
45. The Day the Earth Blew Up: A Looney Tunes Movie,Sci-fi,6.8, (7.3K),1h 31m
46. The Greatest Hits,Sci-fi,6.2, (8.1K),1h 34m
47. Levels,Sci-fi,5.0, (1.7K),1h 33m
48. Die Alone,Sci-fi,5.8, (4.3K),1h 30m
49. The End,Sci-fi,5.4, (2.6K),2h 28m
50. Another End,Sci-fi,6.4, (898),1h 59m
