﻿MovieName,Genre,Rating,Votes,Duration
1. Challengers,Sport,7.0, (163K),2h 11m
2. Inside Out 2,Sport,7.5, (230K),1h 36m
3. Young Woman and the Sea,Sport,7.5, (18K),2h 9m
4. Queen of the Ring,Sport,6.3, (2.4K),2h 9m
5. Arthur the King,Sport,7.0, (36K),1h 47m
6. Unstoppable,Sport,6.8, (4.7K),1h 56m
7. Under Paris,Sport,5.2, (38K),1h 44m
8. The Fire Inside,Sport,6.7, (3.2K),1h 49m
9. Haikyu!! The Dumpster Battle,Sport,7.7, (6.9K),1h 25m
10. Uma Musume: Pretty Derby - Beginning of a New Era,Sport,7.4, (267),1h 48m
11. The Beautiful Game,Sport,6.3, (8.4K),2h 5m
12. Sunshine,Sport,7.6, (174),1h 31m
13. Kill the Jockey,Sport,6.4, (2.1K),1h 36m
14. Lal Salaam,Sport,4.5, (1.5K),2h 30m
15. Race for Glory: Audi vs. Lancia,Sport,5.8, (5.3K),1h 49m
16. Chandu Champion,Sport,7.8, (35K),2h 22m
17. Sweet Dreams,Sport,5.4, (1.6K),1h 35m
18. You Gotta Believe,Sport,5.8, (1.5K),1h 44m
19. Uranus 2324,Sport,6.4, (5.1K),2h 10m
20. Lubber Pandhu,Sport,8.1, (7.6K),2h 26m
21. Yolo,Sport,6.9, (4K),2h 9m
22. Rez Ball,Sport,6.4, (2.7K),1h 51m
23. Maidaan,Sport,7.9, (23K),3h 1m
24. Moon,Sport,6.8, (669),1h 32m
25. 4 Zéros,Sport,3.6, (237),1h 45m
26. Blue Lock: Episode Nagi,Sport,6.6, (2.8K),1h 31m
27. Block Pass,Sport,6.9, (576),1h 44m
28. Mr. & Mrs. Mahi,Sport,5.9, (16K),2h 19m
29. My Sunshine,Sport,7.0, (1.5K),1h 40m
30. El Hareefa,Sport,6.8, (1.3K),1h 57m
31. Cup,Sport,8.6, (89),2h 26m
32. Bionic,Sport,4.3, (1.8K),1h 50m
33. Giannis: The Marvelous Journey,Sport,8.3, (1.8K),1h 49m
34. El Hareefa 2: El Remontada,Sport,6.3, (634),2h 10m
35. Pegasus 2,Sport,6.9, (1.4K),2h 1m
36. Grace by Night,Sport,6.5, (52),2h 16m
37. The Swedish Torpedo,Sport,5.9, (342),2h
38. Boxer,Sport,6.4, (1.4K),2h 30m
39. Return to the Ring,Sport,5.4, (773),1h 46m
40. The Underdoggs,Sport,5.6, (4.7K),1h 36m
41. American Warrior,Sport,8.7, (33),1h 33m
42. Havnaa,Sport,6.9, (423),1h 50m
43. Sixty Minutes,Sport,5.7, (5.4K),1h 28m
44. The Streak,Sport,9.3, (11),1h 27m
45. Crakk: Jeetega... Toh Jiyegaa,Sport,4.7, (6.5K),2h 34m
46. Baki Hanma VS Kengan Ashura,Sport,5.7, (2.1K),1h 2m
47. Vijay 69,Sport,6.1, (1.3K),1h 52m
48. Samia,Sport,6.7, (192),1h 42m
49. Balestra,Sport,5.1, (553),2h 25m
50. Little Wing,Sport,6.1, (961),1h 40m
