﻿MovieName,Genre,Rating,Votes,Duration
1. Eden,Thriller,6.4, (13K),2h 9m
2. Relay,Thriller,7.2, (1.7K),1h 52m
3. Alien: Romulus,Thriller,7.1, (263K),1h 59m
4. Heretic,Thriller,7.0, (183K),1h 51m
5. The Surfer,Thriller,6.0, (14K),1h 40m
6. Babygirl,Thriller,5.8, (70K),1h 54m
7. Longlegs,Thriller,6.6, (202K),1h 41m
8. The Beekeeper,Thriller,6.3, (167K),1h 45m
9. Drive-Away Dolls,Thriller,5.4, (25K),1h 24m
10. Carry-On,Thriller,6.5, (178K),1h 59m
11. Conclave,Thriller,7.4, (217K),2h
12. Rebel Ridge,Thriller,6.8, (95K),2h 11m
13. Kraven the Hunter,Thriller,5.5, (71K),2h 7m
14. Twisters,Thriller,6.5, (182K),2h 2m
15. The Order,Thriller,6.8, (54K),1h 56m
16. Juror #2,Thriller,7.0, (112K),1h 54m
17. Kingdom of the Planet of the Apes,Thriller,6.8, (159K),2h 25m
18. Civil War,Thriller,7.0, (250K),1h 49m
19. Speak No Evil,Thriller,6.8, (117K),1h 50m
20. A Sacrifice,Thriller,5.0, (6.2K),1h 34m
21. Blink Twice,Thriller,6.5, (116K),1h 42m
22. Wolfs,Thriller,6.5, (92K),1h 48m
23. Subservience,Thriller,5.4, (32K),1h 46m
24. Road House,Thriller,6.2, (174K),2h 1m
25. Smile 2,Thriller,6.7, (122K),2h 7m
26. Presence,Thriller,6.1, (35K),1h 24m
27. Venom: The Last Dance,Thriller,6.0, (138K),1h 50m
28. The Count of Monte-Cristo,Thriller,7.6, (40K),2h 58m
29. Trap,Thriller,5.8, (149K),1h 45m
30. Oddity,Thriller,6.7, (50K),1h 38m
31. The Union,Thriller,5.5, (55K),1h 47m
32. September 5,Thriller,7.1, (30K),1h 35m
33. Borderlands,Thriller,4.7, (52K),1h 41m
34. Joker: Folie à Deux,Thriller,5.2, (170K),2h 18m
35. 40 Acres,Thriller,6.5, (3.5K),1h 53m
36. Abigail,Thriller,6.5, (103K),1h 49m
37. Sharp Corner,Thriller,5.9, (2.8K),1h 50m
38. It's What's Inside,Thriller,6.6, (46K),1h 43m
39. Madame Web,Thriller,4.1, (106K),1h 56m
40. Caddo Lake,Thriller,6.8, (48K),1h 43m
41. Argylle,Thriller,5.6, (96K),2h 19m
42. A Quiet Place: Day One,Thriller,6.3, (160K),1h 39m
43. Elevation,Thriller,5.6, (26K),1h 31m
44. The A-Frame,Thriller,5.4, (173),1h 22m
45. Land of Bad,Thriller,6.6, (55K),1h 53m
46. Bad Boys: Ride or Die,Thriller,6.5, (105K),1h 55m
47. Barron's Cove,Thriller,6.0, (733),1h 56m
48. Monkey Man,Thriller,6.8, (96K),2h 1m
49. Don't Move,Thriller,5.8, (42K),1h 32m
50. Maharaja,Thriller,8.4, (73K),2h 21m
