﻿MovieName,Genre,Rating,Votes,Duration
1. The Ministry of Ungentlemanly Warfare,War,6.8, (144K),2h 2m
2. William Tell,War,5.7, (4.8K),2h 14m
3. The Six Triple Eight,War,6.7, (29K),2h 7m
4. Nr. 24,War,7.5, (17K),1h 51m
5. Dirty Angels,War,4.5, (4.9K),1h 44m
6. Blitz,War,6.2, (17K),2h
7. Uprising,War,6.6, (6.2K),2h 6m
8. Amaran,War,8.1, (21K),2h 47m
9. My Dead Friend Zoe,War,6.5, (3.1K),1h 43m
10. Bau: Artist at War,War,7.4, (70),2h 10m
11. Chandu Champion,War,7.8, (35K),2h 22m
12. Escape from Germany,War,5.4, (1.1K),1h 37m
"13. Canadian, Sniper",War,3.4, (382),1h 23m
14. Goebbels and the Führer,War,6.7, (2.9K),2h 15m
15. The Witch: Revenge,War,5.3, (916),1h 40m
16. Without Blood,War,7.3, (118),1h 31m
17. Before Dawn,War,5.4, (1.2K),1h 41m
18. Russians at War,War,2.2, (1.1K),2h 14m
19. In the Fire of War,War,6.6, (306),1h 55m
20. The Last Front,War,5.5, (667),1h 38m
21. Laws of Man,War,4.9, (1.4K),1h 38m
22. Porcelain War,War,7.1, (1.3K),1h 27m
23. Ei koskaan yksin,War,7.0, (508),1h 25m
24. Quisling: The Final Days,War,7.1, (1.4K),2h 26m
25. Der Deserteur,War,8.1, (43),1h 33m
26. Captain Miller,War,7.2, (14K),2h 37m
27. Ataturk II: 1881-1919,War,8.8, (2.5K),2h 21m
28. Intercepted,War,8.0, (622),1h 35m
29. Invasion,War,4.8, (778),1h 31m
30. Murder Company,War,3.6, (1.7K),1h 26m
31. 24 Hours to D-Day,War,2.8, (145),1h 23m
32. Way Home,War,6.4, (1.6K),1h 38m
33. The Ballad of Davy Crockett,War,4.6, (278),1h 36m
"34. Love, Courage and the Battle of Bushy Run",War,5.0, (202),1h 53m
35. Call of Duty,War,8.0, (14),"8.0
 (14)
Rate
Mark as watched"
36. Conquer: Lahad Datu,War,6.6, (577),2h
37. Dharmarakshak Mahaveer Chhatrapati Sambhaji Maharaj,War,8.3, (684),2h 54m
38. The Friendly,War,8.8, (42),1h 41m
39. Kang Mak,War,6.4, (936),2h 2m
40. Decoded,War,5.7, (485),2h 36m
41. All the Lost Ones,War,3.6, (283),1h 46m
42. The Shamrock Spitfire,War,5.1, (526),1h 48m
43. Battlefield,War,6.2, (741),1h 44m
44. The Volunteers: The Battle of Life and Death,War,6.1, (313),2h 24m
45. Kargil 1999- The Untold Story of the Indian Air Force,War,8.3, (23),"8.3
 (23)
Rate
Mark as watched"
46. The Yin Yang Master Zero,War,5.7, (310),1h 52m
47. Fortunes of War,War,3.5, (187),1h 25m
48. Chhava,War,8.4, (2.3K),51m
49. Hitler,War,5.2, (324),2h 8m
50. Peter Brook's the Mahabharata (8K),War,8.1, (11),2h 53m
