﻿MovieName,Genre,Rating,Votes,Duration
1. The Unholy Trinity,Western,5.5, (3.2K),1h 35m
2. Horizon: An American Saga - Chapter 1,Western,6.6, (42K),3h 1m
3. Horizon: An American Saga - Chapter 2,Western,7.1, (1.5K),3h 10m
4. Rust,Western,5.5, (3.2K),2h 19m
5. The Thicket,Western,5.8, (4.5K),1h 48m
6. Buffalo Kids,Western,6.6, (844),1h 33m
7. Pedro Páramo,Western,6.3, (3.2K),2h 10m
8. Bitter Gold,Western,7.6, (98),1h 23m
9. Wynonna Earp: Vengeance,Western,5.6, (1.8K),1h 36m
10. Calamity Jane,Western,4.4, (819),1h 35m
11. Golden Kamuy,Western,6.3, (2.7K),2h 7m
12. Outlaw Posse,Western,4.3, (564),1h 48m
13. Desert Fiends,Western,4.5, (978),1h 46m
14. Seven Cemeteries,Western,4.6, (680),1h 24m
15. The Night They Came Home,Western,3.6, (470),1h 45m
16. Was Once a Hero,Western,8.5, (68),"8.5
 (68)
Rate
Mark as watched"
17. The Guardsmen,Western,3.4, (196),1h 13m
18. They Call Her Death,Western,5.4, (233),1h 32m
19. Same Old West,Western,7.6, (438),1h 38m
20. Adiós al amigo,Western,8.0, (52),1h 58m
21. Eye for an Eye 2,Western,6.6, (594),1h 30m
22. Taken from Rio Bravo,Western,3.0, (343),1h 20m
23. Over the Red River,Western,3.7, (104),1h 23m
24. Ghosts of Red Ridge,Western,3.3, (191),1h 21m
25. Escanyapobres,Western,6.2, (99),1h 42m
26. Bolero,Western,3.0, (31),"3.0
 (31)
Rate
Mark as watched"
27. Malaikottai Vaaliban,Western,6.0, (4.2K),2h 36m
28. Andromeda: 1883,Western,3.9, (20),1h 15m
29. Paradise,Western,6.9, (83),1h 23m
30. Unnatural,Western,3.7, (149),1h 43m
31. Lady Outlaw,Western,6.5, (27),1h 44m
32. Harsh Treatment,Western,8.3, (16),"8.3
 (16)
Rate
Mark as watched"
33. The Ecstasy of Gold: The Treasure of Jesse James,Western,5.6, (21),1h 30m
34. Joe Crist,Western,4.0, (517),53m
35. Last Flamingo of the Red Summer Sunset,Western,8.8, (14),1h 20m
36. Doc Holliday 2,Western,6.1, (12),"6.1
 (12)
Rate
Mark as watched"
37. Coyote Woman,Western,2.1, (78),1h 50m
38. Searching for the Elephant,Western,5.8, (38),1h 56m
39. Fyre Rises,Western,6.0, (330),1h 50m
40. The Guardsmen: Part 3,Western,4.2, (87),"4.2
 (87)
Rate
Mark as watched"
41. Doc Holliday 3,Western,5.0, (10),"5.0
 (10)
Rate
Mark as watched"
42. Astral Plane Drifter,Western,8.8, (33),"8.8
 (33)
Rate
Mark as watched"
43. Dans l'ombre de Marlow,Western,N/A,N/A,1h 20m
44. Six Guns for Hire,Western,N/A,N/A,"Rate
Mark as watched"
45. The Dakota War: Revenge,Western,N/A,N/A,1h 32m
46. In Search of Bass Reeves,Western,6.1, (62),1h 45m
47. Bo Nan Za,Western,9.1, (29),1h 1m
48. Death After Dusk,Western,5.6, (97),2h 20m
49. The Film Café,Western,N/A,N/A,"Rate
Mark as watched"
50. My Redneck Neighbor: Chapter 1 - The Rednecks Are Coming,Western,5.3, (12),1h 14m
